2026-09-27T18:24:32.9735633Z Current runner version: '2.337.0'
2026-09-27T18:24:32.9758815Z ##[group]Runner Image Provisioner
2026-09-27T18:24:32.9759508Z Hosted Compute Agent
2026-09-27T18:24:32.9760002Z Version: 20260828.587
2026-09-27T18:24:32.9760578Z Commit: abac92662cab4cc7352de4f9f9d2e2419aad9c29
2026-09-27T18:24:32.9761167Z Build Date: 2026-08-28T16:44:25Z
2026-09-27T18:24:32.9761987Z Worker ID: {b2c7b7ab-4bf0-48f8-bb19-b397222591dd}
2026-09-27T18:24:32.9762568Z Azure Region: westus3
2026-09-27T18:24:32.9763046Z ##[endgroup]
2026-09-27T18:24:32.9764231Z ##[group]Operating System
2026-09-27T18:24:32.9764742Z Ubuntu
2026-09-27T18:24:32.9765220Z 24.04.5
2026-09-27T18:24:32.9765655Z LTS
2026-09-27T18:24:32.9766105Z ##[endgroup]
2026-09-27T18:24:32.9766591Z ##[group]Runner Image
2026-09-27T18:24:32.9767090Z Image: ubuntu-24.04
2026-09-27T18:24:32.9767610Z Version: 20260920.314.1
2026-09-27T18:24:32.9768631Z Included Software: https://github.com/actions/runner-images/blob/ubuntu24/20260920.314/images/ubuntu/Ubuntu2404-Readme.md
2026-09-27T18:24:32.9769889Z Image Release: https://github.com/actions/runner-images/releases/tag/ubuntu24%2F20260920.314
2026-09-27T18:24:32.9770659Z ##[endgroup]
2026-09-27T18:24:32.9771730Z ##[group]GITHUB_TOKEN Permissions
2026-09-27T18:24:32.9773311Z Contents: read
2026-09-27T18:24:32.9773849Z Metadata: read
2026-09-27T18:24:32.9774321Z ##[endgroup]
2026-09-27T18:24:32.9776057Z Secret source: Actions
2026-09-27T18:24:32.9776869Z Cache mode: write
2026-09-27T18:24:32.9777494Z Prepare workflow directory
2026-09-27T18:24:33.0277023Z Prepare all required actions
2026-09-27T18:24:33.0316037Z Getting action download info
2026-09-27T18:24:33.3331625Z Download action repository 'actions/checkout@3d3c42e5aac5ba805825da76410c181273ba90b1' (SHA:3d3c42e5aac5ba805825da76410c181273ba90b1)
2026-09-27T18:24:33.4440762Z Download action repository 'actions/setup-python@5fda3b95a4ea91299a34e894583c3862153e4b97' (SHA:5fda3b95a4ea91299a34e894583c3862153e4b97)
2026-09-27T18:24:33.5504133Z Download action repository 'actions/upload-artifact@043fb46d1a93c77aae656e7c1c64a875d1fc6a0a' (SHA:043fb46d1a93c77aae656e7c1c64a875d1fc6a0a)
2026-09-27T18:24:33.7326495Z Complete job name: Full Django suite on PostgreSQL
2026-09-27T18:24:33.7710686Z ##[group]Checking docker version
2026-09-27T18:24:33.7721184Z ##[command]/usr/bin/docker version --format '{{.Server.APIVersion}}'
2026-09-27T18:24:33.8496760Z '1.48'
2026-09-27T18:24:33.8511169Z Docker daemon API version: '1.48'
2026-09-27T18:24:33.8512198Z ##[command]/usr/bin/docker version --format '{{.Client.APIVersion}}'
2026-09-27T18:24:33.8662398Z '1.48'
2026-09-27T18:24:33.8664639Z Docker client API version: '1.48'
2026-09-27T18:24:33.8668840Z ##[endgroup]
2026-09-27T18:24:33.8670752Z ##[group]Clean up resources from previous jobs
2026-09-27T18:24:33.8675339Z ##[command]/usr/bin/docker ps --all --quiet --no-trunc --filter "label=1428c3"
2026-09-27T18:24:33.8795268Z ##[command]/usr/bin/docker network prune --force --filter "label=1428c3"
2026-09-27T18:24:33.8901161Z ##[endgroup]
2026-09-27T18:24:33.8901811Z ##[group]Create local container network
2026-09-27T18:24:33.8910388Z ##[command]/usr/bin/docker network create --label 1428c3 github_network_94e3db57c00b4a4e8df66e579438306b
2026-09-27T18:24:33.9340296Z a2496eb5f9e5ee0e000535f435294539f878eeb9956dbd92c3522d7cbba0029b
2026-09-27T18:24:33.9353372Z ##[endgroup]
2026-09-27T18:24:33.9374445Z ##[group]Starting postgres service container
2026-09-27T18:24:33.9392386Z ##[command]/usr/bin/docker pull postgres:16
2026-09-27T18:24:34.7177184Z 16: Pulling from library/postgres
2026-09-27T18:24:34.9481033Z 6b37362b3da7: Pulling fs layer
2026-09-27T18:24:34.9481822Z b1fdda8975a0: Pulling fs layer
2026-09-27T18:24:34.9482106Z 106e7e3cf19a: Pulling fs layer
2026-09-27T18:24:34.9482505Z ba0e979d0818: Pulling fs layer
2026-09-27T18:24:34.9482761Z ad29720ebbb9: Pulling fs layer
2026-09-27T18:24:34.9483109Z 3a749597affc: Pulling fs layer
2026-09-27T18:24:34.9483493Z 483fb6941c15: Pulling fs layer
2026-09-27T18:24:34.9483941Z 359ae0fc975d: Pulling fs layer
2026-09-27T18:24:34.9484770Z 56d4d190ef07: Pulling fs layer
2026-09-27T18:24:34.9485150Z 74156cf9f063: Pulling fs layer
2026-09-27T18:24:34.9485423Z f7c7d4dd80ba: Pulling fs layer
2026-09-27T18:24:34.9485714Z 749acf6dc637: Pulling fs layer
2026-09-27T18:24:34.9486073Z 4d848243a73e: Pulling fs layer
2026-09-27T18:24:34.9486335Z 6ad4758748c1: Pulling fs layer
2026-09-27T18:24:34.9486653Z ad29720ebbb9: Waiting
2026-09-27T18:24:34.9486921Z 3a749597affc: Waiting
2026-09-27T18:24:34.9487147Z 483fb6941c15: Waiting
2026-09-27T18:24:34.9487363Z ba0e979d0818: Waiting
2026-09-27T18:24:34.9487649Z 56d4d190ef07: Waiting
2026-09-27T18:24:34.9487861Z 74156cf9f063: Waiting
2026-09-27T18:24:34.9488076Z 749acf6dc637: Waiting
2026-09-27T18:24:34.9488358Z 6ad4758748c1: Waiting
2026-09-27T18:24:34.9488572Z 4d848243a73e: Waiting
2026-09-27T18:24:34.9488799Z f7c7d4dd80ba: Waiting
2026-09-27T18:24:34.9489068Z 359ae0fc975d: Waiting
2026-09-27T18:24:35.1610639Z b1fdda8975a0: Verifying Checksum
2026-09-27T18:24:35.1612355Z b1fdda8975a0: Download complete
2026-09-27T18:24:35.1810828Z 106e7e3cf19a: Verifying Checksum
2026-09-27T18:24:35.1811501Z 106e7e3cf19a: Download complete
2026-09-27T18:24:35.2949669Z 6b37362b3da7: Verifying Checksum
2026-09-27T18:24:35.2950201Z 6b37362b3da7: Download complete
2026-09-27T18:24:35.4295201Z ba0e979d0818: Verifying Checksum
2026-09-27T18:24:35.4295792Z ba0e979d0818: Download complete
2026-09-27T18:24:35.4496276Z ad29720ebbb9: Verifying Checksum
2026-09-27T18:24:35.4497978Z ad29720ebbb9: Download complete
2026-09-27T18:24:35.5433198Z 3a749597affc: Verifying Checksum
2026-09-27T18:24:35.5433727Z 3a749597affc: Download complete
2026-09-27T18:24:35.5937199Z 483fb6941c15: Verifying Checksum
2026-09-27T18:24:35.5937964Z 483fb6941c15: Download complete
2026-09-27T18:24:35.6278211Z 359ae0fc975d: Verifying Checksum
2026-09-27T18:24:35.6279697Z 359ae0fc975d: Download complete
2026-09-27T18:24:35.7711223Z 74156cf9f063: Verifying Checksum
2026-09-27T18:24:35.7713216Z 74156cf9f063: Download complete
2026-09-27T18:24:35.8019706Z f7c7d4dd80ba: Verifying Checksum
2026-09-27T18:24:35.8022470Z f7c7d4dd80ba: Download complete
2026-09-27T18:24:35.9452125Z 749acf6dc637: Verifying Checksum
2026-09-27T18:24:35.9454630Z 749acf6dc637: Download complete
2026-09-27T18:24:35.9765278Z 4d848243a73e: Verifying Checksum
2026-09-27T18:24:35.9766379Z 4d848243a73e: Download complete
2026-09-27T18:24:36.0153035Z 56d4d190ef07: Verifying Checksum
2026-09-27T18:24:36.0153456Z 56d4d190ef07: Download complete
2026-09-27T18:24:36.1198418Z 6ad4758748c1: Verifying Checksum
2026-09-27T18:24:36.1199213Z 6ad4758748c1: Download complete
2026-09-27T18:24:36.2503697Z 6b37362b3da7: Pull complete
2026-09-27T18:24:37.4983368Z b1fdda8975a0: Pull complete
2026-09-27T18:24:37.9087795Z 106e7e3cf19a: Pull complete
2026-09-27T18:24:37.9586199Z ba0e979d0818: Pull complete
2026-09-27T18:24:38.5809621Z ad29720ebbb9: Pull complete
2026-09-27T18:24:38.6566972Z 3a749597affc: Pull complete
2026-09-27T18:24:38.7819148Z 483fb6941c15: Pull complete
2026-09-27T18:24:38.7900941Z 359ae0fc975d: Pull complete
2026-09-27T18:24:42.5496049Z 56d4d190ef07: Pull complete
2026-09-27T18:24:42.5600695Z 74156cf9f063: Pull complete
2026-09-27T18:24:42.5669838Z f7c7d4dd80ba: Pull complete
2026-09-27T18:24:42.5742180Z 749acf6dc637: Pull complete
2026-09-27T18:24:42.5834835Z 4d848243a73e: Pull complete
2026-09-27T18:24:42.5907760Z 6ad4758748c1: Pull complete
2026-09-27T18:24:42.5952272Z Digest: sha256:1a6ab3f5345eb6dbe04a1349529caabdb0ab09293a09590fad07b2246bfa4b54
2026-09-27T18:24:42.5961820Z Status: Downloaded newer image for postgres:16
2026-09-27T18:24:42.5970175Z docker.io/library/postgres:16
2026-09-27T18:24:42.6023396Z ##[command]/usr/bin/docker create --name 9395a82a7fe24ebdac05224cf11e404d_postgres16_b9332b --label 1428c3 --network github_network_94e3db57c00b4a4e8df66e579438306b --network-alias postgres -p 5432:5432 --health-cmd "pg_isready -U postgres -d accounting_mvp_ci" --health-interval 10s --health-timeout 5s --health-retries 5 -e "POSTGRES_DB=accounting_mvp_ci" -e "POSTGRES_USER=postgres" -e "POSTGRES_PASSWORD=postgres" -e GITHUB_ACTIONS=true -e CI=true postgres:16
2026-09-27T18:24:42.6238420Z 2fae9cbb707bdaff44a8030fec693c2317675c07c6807cbdeb835ccea10efb78
2026-09-27T18:24:42.6259296Z ##[command]/usr/bin/docker start 2fae9cbb707bdaff44a8030fec693c2317675c07c6807cbdeb835ccea10efb78
2026-09-27T18:24:42.8154960Z 2fae9cbb707bdaff44a8030fec693c2317675c07c6807cbdeb835ccea10efb78
2026-09-27T18:24:42.8180747Z ##[command]/usr/bin/docker ps --all --filter id=2fae9cbb707bdaff44a8030fec693c2317675c07c6807cbdeb835ccea10efb78 --filter status=running --no-trunc --format "{{.ID}} {{.Status}}"
2026-09-27T18:24:42.8318114Z 2fae9cbb707bdaff44a8030fec693c2317675c07c6807cbdeb835ccea10efb78 Up Less than a second (health: starting)
2026-09-27T18:24:42.8338294Z ##[command]/usr/bin/docker port 2fae9cbb707bdaff44a8030fec693c2317675c07c6807cbdeb835ccea10efb78
2026-09-27T18:24:42.8455052Z 5432/tcp -> 0.0.0.0:5432
2026-09-27T18:24:42.8462366Z 5432/tcp -> [::]:5432
2026-09-27T18:24:42.8501492Z ##[endgroup]
2026-09-27T18:24:42.8510891Z ##[group]Waiting for all services to be ready
2026-09-27T18:24:42.8595143Z ##[command]/usr/bin/docker inspect --format="{{if .Config.Healthcheck}}{{print .State.Health.Status}}{{end}}" 2fae9cbb707bdaff44a8030fec693c2317675c07c6807cbdeb835ccea10efb78
2026-09-27T18:24:42.8727913Z starting
2026-09-27T18:24:42.8748257Z postgres service is starting, waiting 2 seconds before checking again.
2026-09-27T18:24:44.8746069Z ##[command]/usr/bin/docker inspect --format="{{if .Config.Healthcheck}}{{print .State.Health.Status}}{{end}}" 2fae9cbb707bdaff44a8030fec693c2317675c07c6807cbdeb835ccea10efb78
2026-09-27T18:24:44.8851456Z starting
2026-09-27T18:24:44.8861170Z postgres service is starting, waiting 3 seconds before checking again.
2026-09-27T18:24:48.5897425Z ##[command]/usr/bin/docker inspect --format="{{if .Config.Healthcheck}}{{print .State.Health.Status}}{{end}}" 2fae9cbb707bdaff44a8030fec693c2317675c07c6807cbdeb835ccea10efb78
2026-09-27T18:24:48.6004046Z starting
2026-09-27T18:24:48.6016131Z postgres service is starting, waiting 8 seconds before checking again.
2026-09-27T18:24:57.0244040Z ##[command]/usr/bin/docker inspect --format="{{if .Config.Healthcheck}}{{print .State.Health.Status}}{{end}}" 2fae9cbb707bdaff44a8030fec693c2317675c07c6807cbdeb835ccea10efb78
2026-09-27T18:24:57.0597240Z healthy
2026-09-27T18:24:57.0613781Z postgres service is healthy.
2026-09-27T18:24:57.0614339Z ##[endgroup]
2026-09-27T18:24:57.0830913Z ##[group]Run actions/checkout@3d3c42e5aac5ba805825da76410c181273ba90b1
2026-09-27T18:24:57.0831597Z with:
2026-09-27T18:24:57.0831801Z   ref: 60e0d2900cf4dd15d6a4d0ef856fe8f68ac2d2a1
2026-09-27T18:24:57.0832054Z   persist-credentials: false
2026-09-27T18:24:57.0832264Z   repository: swwbazz-ux/1
2026-09-27T18:24:57.0834176Z   token: ***
2026-09-27T18:24:57.0834354Z   ssh-strict: true
2026-09-27T18:24:57.0834529Z   ssh-user: git
2026-09-27T18:24:57.0834691Z   clean: true
2026-09-27T18:24:57.0834872Z   sparse-checkout-cone-mode: true
2026-09-27T18:24:57.0835084Z   fetch-depth: 1
2026-09-27T18:24:57.0835272Z   fetch-tags: false
2026-09-27T18:24:57.0835443Z   show-progress: true
2026-09-27T18:24:57.0835612Z   lfs: false
2026-09-27T18:24:57.0835766Z   submodules: false
2026-09-27T18:24:57.0835945Z   set-safe-directory: true
2026-09-27T18:24:57.0836149Z   allow-unsafe-pr-checkout: false
2026-09-27T18:24:57.0836487Z env:
2026-09-27T18:24:57.0836747Z   QUALITY_TARGET_REF: 60e0d2900cf4dd15d6a4d0ef856fe8f68ac2d2a1
2026-09-27T18:24:57.0837023Z   DJANGO_SECRET_KEY: ci-secret-key
2026-09-27T18:24:57.0837222Z   DJANGO_DEBUG: True
2026-09-27T18:24:57.0837428Z   DJANGO_ALLOWED_HOSTS: localhost,127.0.0.1,.localhost
2026-09-27T18:24:57.0837676Z   DJANGO_DB_ENGINE: postgres
2026-09-27T18:24:57.0837873Z   POSTGRES_DB: accounting_mvp_ci
2026-09-27T18:24:57.0838071Z   POSTGRES_USER: postgres
2026-09-27T18:24:57.0838265Z   POSTGRES_PASSWORD: postgres
2026-09-27T18:24:57.0838463Z   POSTGRES_HOST: 127.0.0.1
2026-09-27T18:24:57.0838651Z   POSTGRES_PORT: 5432
2026-09-27T18:24:57.0838826Z   POSTGRES_CONN_MAX_AGE: 0
2026-09-27T18:24:57.0839202Z ##[endgroup]
2026-09-27T18:24:57.1680612Z Syncing repository: swwbazz-ux/1
2026-09-27T18:24:57.1682462Z ##[group]Getting Git version info
2026-09-27T18:24:57.1682891Z Working directory is '/home/runner/work/1/1'
2026-09-27T18:24:57.1683552Z [command]/usr/bin/git version
2026-09-27T18:24:57.1743130Z git version 2.55.0
2026-09-27T18:24:57.1759801Z ##[endgroup]
2026-09-27T18:24:57.1770389Z Temporarily overriding HOME='/home/runner/work/_temp/10ffffe3-451b-4ce6-969e-3b64a284e299' before making global git config changes
2026-09-27T18:24:57.1771501Z Adding repository directory to the temporary git global config as a safe directory
2026-09-27T18:24:57.1776572Z [command]/usr/bin/git config --global --add safe.directory /home/runner/work/1/1
2026-09-27T18:24:57.1818808Z Deleting the contents of '/home/runner/work/1/1'
2026-09-27T18:24:57.1821824Z ##[group]Determining repository object format
2026-09-27T18:24:57.1823094Z ##[endgroup]
2026-09-27T18:24:57.1823704Z ##[group]Initializing the repository
2026-09-27T18:24:57.1826759Z [command]/usr/bin/git init /home/runner/work/1/1
2026-09-27T18:24:57.1929613Z hint: Using 'master' as the name for the initial branch. This default branch name
2026-09-27T18:24:57.1931931Z hint: will change to "main" in Git 3.0. To configure the initial branch name
2026-09-27T18:24:57.1932647Z hint: to use in all of your new repositories, which will suppress this warning,
2026-09-27T18:24:57.1933184Z hint: call:
2026-09-27T18:24:57.1942656Z hint:
2026-09-27T18:24:57.1943193Z hint: 	git config --global init.defaultBranch <name>
2026-09-27T18:24:57.1943708Z hint:
2026-09-27T18:24:57.1944165Z hint: Names commonly chosen instead of 'master' are 'main', 'trunk' and
2026-09-27T18:24:57.1944895Z hint: 'development'. The just-created branch can be renamed via this command:
2026-09-27T18:24:57.1945458Z hint:
2026-09-27T18:24:57.1945897Z hint: 	git branch -m <name>
2026-09-27T18:24:57.1946250Z hint:
2026-09-27T18:24:57.1946692Z hint: Disable this message with "git config set advice.defaultBranchName false"
2026-09-27T18:24:57.1947422Z Initialized empty Git repository in /home/runner/work/1/1/.git/
2026-09-27T18:24:57.1948766Z [command]/usr/bin/git remote add origin https://github.com/swwbazz-ux/1
2026-09-27T18:24:57.1996106Z ##[endgroup]
2026-09-27T18:24:57.1996629Z ##[group]Disabling automatic garbage collection
2026-09-27T18:24:57.1999322Z [command]/usr/bin/git config --local gc.auto 0
2026-09-27T18:24:57.2032295Z ##[endgroup]
2026-09-27T18:24:57.2032781Z ##[group]Setting up auth
2026-09-27T18:24:57.2037819Z Removing SSH command configuration
2026-09-27T18:24:57.2039292Z [command]/usr/bin/git config --local --name-only --get-regexp core\.sshCommand
2026-09-27T18:24:57.2071145Z [command]/usr/bin/git submodule foreach --recursive sh -c "git config --local --name-only --get-regexp 'core\.sshCommand' && git config --local --unset-all 'core.sshCommand' || :"
2026-09-27T18:24:57.3071096Z Removing HTTP extra header
2026-09-27T18:24:57.3076164Z [command]/usr/bin/git config --local --name-only --get-regexp http\.https\:\/\/github\.com\/\.extraheader
2026-09-27T18:24:57.3107409Z [command]/usr/bin/git submodule foreach --recursive sh -c "git config --local --name-only --get-regexp 'http\.https\:\/\/github\.com\/\.extraheader' && git config --local --unset-all 'http.https://github.com/.extraheader' || :"
2026-09-27T18:24:57.3295879Z Removing includeIf entries pointing to credentials config files
2026-09-27T18:24:57.3300542Z [command]/usr/bin/git config --local --name-only --get-regexp ^includeIf\.gitdir:
2026-09-27T18:24:57.3330887Z [command]/usr/bin/git submodule foreach --recursive git config --local --show-origin --name-only --get-regexp remote.origin.url
2026-09-27T18:24:57.3526210Z [command]/usr/bin/git config --file /home/runner/work/_temp/git-credentials-b4e5a0aa-1a82-412f-a136-325db04cdf30.config http.https://github.com/.extraheader AUTHORIZATION: basic ***
2026-09-27T18:24:57.3561204Z [command]/usr/bin/git config --local includeIf.gitdir:/home/runner/work/1/1/.git.path /home/runner/work/_temp/git-credentials-b4e5a0aa-1a82-412f-a136-325db04cdf30.config
2026-09-27T18:24:57.3591887Z [command]/usr/bin/git config --local includeIf.gitdir:/home/runner/work/1/1/.git/worktrees/*.path /home/runner/work/_temp/git-credentials-b4e5a0aa-1a82-412f-a136-325db04cdf30.config
2026-09-27T18:24:57.4977799Z [command]/usr/bin/git config --local includeIf.gitdir:/github/workspace/.git.path /github/runner_temp/git-credentials-b4e5a0aa-1a82-412f-a136-325db04cdf30.config
2026-09-27T18:24:57.5063506Z [command]/usr/bin/git config --local includeIf.gitdir:/github/workspace/.git/worktrees/*.path /github/runner_temp/git-credentials-b4e5a0aa-1a82-412f-a136-325db04cdf30.config
2026-09-27T18:24:57.5091718Z ##[endgroup]
2026-09-27T18:24:57.5092252Z ##[group]Fetching the repository
2026-09-27T18:24:57.5097994Z [command]/usr/bin/git -c protocol.version=2 fetch --no-tags --prune --no-recurse-submodules --depth=1 origin 60e0d2900cf4dd15d6a4d0ef856fe8f68ac2d2a1
2026-09-27T18:24:59.7074794Z From https://github.com/swwbazz-ux/1
2026-09-27T18:24:59.7075456Z  * branch            60e0d2900cf4dd15d6a4d0ef856fe8f68ac2d2a1 -> FETCH_HEAD
2026-09-27T18:24:59.7084565Z [command]/usr/bin/git rev-parse --verify --quiet 60e0d2900cf4dd15d6a4d0ef856fe8f68ac2d2a1^{object}
2026-09-27T18:24:59.7110068Z 60e0d2900cf4dd15d6a4d0ef856fe8f68ac2d2a1
2026-09-27T18:24:59.7114477Z ##[endgroup]
2026-09-27T18:24:59.7114972Z ##[group]Determining the checkout info
2026-09-27T18:24:59.7115553Z ##[endgroup]
2026-09-27T18:24:59.7119973Z [command]/usr/bin/git sparse-checkout disable
2026-09-27T18:24:59.7168784Z [command]/usr/bin/git config --local --unset-all extensions.worktreeConfig
2026-09-27T18:24:59.7197882Z ##[group]Checking out the ref
2026-09-27T18:24:59.7202198Z [command]/usr/bin/git checkout --progress --force 60e0d2900cf4dd15d6a4d0ef856fe8f68ac2d2a1
2026-09-27T18:25:00.0683441Z Note: switching to '60e0d2900cf4dd15d6a4d0ef856fe8f68ac2d2a1'.
2026-09-27T18:25:00.0683836Z 
2026-09-27T18:25:00.0684091Z You are in 'detached HEAD' state. You can look around, make experimental
2026-09-27T18:25:00.0684847Z changes and commit them, and you can discard any commits you make in this
2026-09-27T18:25:00.0685416Z state without impacting any branches by switching back to a branch.
2026-09-27T18:25:00.0685705Z 
2026-09-27T18:25:00.0685924Z If you want to create a new branch to retain commits you create, you may
2026-09-27T18:25:00.0686722Z do so (now or later) by using -c with the switch command. Example:
2026-09-27T18:25:00.0687044Z 
2026-09-27T18:25:00.0687186Z   git switch -c <new-branch-name>
2026-09-27T18:25:00.0687397Z 
2026-09-27T18:25:00.0687506Z Or undo this operation with:
2026-09-27T18:25:00.0687734Z 
2026-09-27T18:25:00.0687837Z   git switch -
2026-09-27T18:25:00.0687980Z 
2026-09-27T18:25:00.0688215Z Turn off this advice by setting config variable advice.detachedHead to false
2026-09-27T18:25:00.0688561Z 
2026-09-27T18:25:00.0688948Z HEAD is now at 60e0d29 Merge a1fff67010007089899fe0e35b5e23cd43b0d151 into 0fe60543de59bf7cbeca4868fc17e8e00689d2ba
2026-09-27T18:25:00.0706742Z ##[endgroup]
2026-09-27T18:25:00.0749984Z [command]/usr/bin/git log -1 --format=%H
2026-09-27T18:25:00.0775867Z 60e0d2900cf4dd15d6a4d0ef856fe8f68ac2d2a1
2026-09-27T18:25:00.0785740Z ##[group]Removing auth
2026-09-27T18:25:00.0786087Z Removing SSH command configuration
2026-09-27T18:25:00.0789016Z [command]/usr/bin/git config --local --name-only --get-regexp core\.sshCommand
2026-09-27T18:25:00.0826072Z [command]/usr/bin/git submodule foreach --recursive sh -c "git config --local --name-only --get-regexp 'core\.sshCommand' && git config --local --unset-all 'core.sshCommand' || :"
2026-09-27T18:25:00.1014701Z Removing HTTP extra header
2026-09-27T18:25:00.1020184Z [command]/usr/bin/git config --local --name-only --get-regexp http\.https\:\/\/github\.com\/\.extraheader
2026-09-27T18:25:00.1052021Z [command]/usr/bin/git submodule foreach --recursive sh -c "git config --local --name-only --get-regexp 'http\.https\:\/\/github\.com\/\.extraheader' && git config --local --unset-all 'http.https://github.com/.extraheader' || :"
2026-09-27T18:25:00.1244291Z Removing includeIf entries pointing to credentials config files
2026-09-27T18:25:00.1247258Z [command]/usr/bin/git config --local --name-only --get-regexp ^includeIf\.gitdir:
2026-09-27T18:25:00.1276033Z includeif.gitdir:/home/runner/work/1/1/.git.path
2026-09-27T18:25:00.1276537Z includeif.gitdir:/home/runner/work/1/1/.git/worktrees/*.path
2026-09-27T18:25:00.1276895Z includeif.gitdir:/github/workspace/.git.path
2026-09-27T18:25:00.1277198Z includeif.gitdir:/github/workspace/.git/worktrees/*.path
2026-09-27T18:25:00.1285396Z [command]/usr/bin/git config --local --get-all includeif.gitdir:/home/runner/work/1/1/.git.path
2026-09-27T18:25:00.1313605Z /home/runner/work/_temp/git-credentials-b4e5a0aa-1a82-412f-a136-325db04cdf30.config
2026-09-27T18:25:00.1320972Z [command]/usr/bin/git config --local --unset includeif.gitdir:/home/runner/work/1/1/.git.path \/home\/runner\/work\/_temp\/git\-credentials\-b4e5a0aa\-1a82\-412f\-a136\-325db04cdf30\.config
2026-09-27T18:25:00.1354847Z [command]/usr/bin/git config --local --get-all includeif.gitdir:/home/runner/work/1/1/.git/worktrees/*.path
2026-09-27T18:25:00.1379739Z /home/runner/work/_temp/git-credentials-b4e5a0aa-1a82-412f-a136-325db04cdf30.config
2026-09-27T18:25:00.1393302Z [command]/usr/bin/git config --local --unset includeif.gitdir:/home/runner/work/1/1/.git/worktrees/*.path \/home\/runner\/work\/_temp\/git\-credentials\-b4e5a0aa\-1a82\-412f\-a136\-325db04cdf30\.config
2026-09-27T18:25:00.1418672Z [command]/usr/bin/git config --local --get-all includeif.gitdir:/github/workspace/.git.path
2026-09-27T18:25:00.1442003Z /github/runner_temp/git-credentials-b4e5a0aa-1a82-412f-a136-325db04cdf30.config
2026-09-27T18:25:00.1450877Z [command]/usr/bin/git config --local --unset includeif.gitdir:/github/workspace/.git.path \/github\/runner_temp\/git\-credentials\-b4e5a0aa\-1a82\-412f\-a136\-325db04cdf30\.config
2026-09-27T18:25:00.2278675Z [command]/usr/bin/git config --local --get-all includeif.gitdir:/github/workspace/.git/worktrees/*.path
2026-09-27T18:25:00.2318466Z /github/runner_temp/git-credentials-b4e5a0aa-1a82-412f-a136-325db04cdf30.config
2026-09-27T18:25:00.2321631Z [command]/usr/bin/git config --local --unset includeif.gitdir:/github/workspace/.git/worktrees/*.path \/github\/runner_temp\/git\-credentials\-b4e5a0aa\-1a82\-412f\-a136\-325db04cdf30\.config
2026-09-27T18:25:00.2356123Z [command]/usr/bin/git submodule foreach --recursive git config --local --show-origin --name-only --get-regexp remote.origin.url
2026-09-27T18:25:00.2548288Z Removing credentials config '/home/runner/work/_temp/git-credentials-b4e5a0aa-1a82-412f-a136-325db04cdf30.config'
2026-09-27T18:25:00.2557372Z ##[endgroup]
2026-09-27T18:25:00.2745288Z ##[group]Run actions/setup-python@5fda3b95a4ea91299a34e894583c3862153e4b97
2026-09-27T18:25:00.2745631Z with:
2026-09-27T18:25:00.2745818Z   python-version: 3.12
2026-09-27T18:25:00.2746025Z   cache: pip
2026-09-27T18:25:00.2746328Z   cache-dependency-path: СИСТЕМА_MVP/backend/requirements.txt
2026-09-27T18:25:00.2746633Z   check-latest: false
2026-09-27T18:25:00.2748532Z   token: ***
2026-09-27T18:25:00.2748731Z   update-environment: true
2026-09-27T18:25:00.2748954Z   allow-prereleases: false
2026-09-27T18:25:00.2749159Z   freethreaded: false
2026-09-27T18:25:00.2749345Z env:
2026-09-27T18:25:00.2749577Z   QUALITY_TARGET_REF: 60e0d2900cf4dd15d6a4d0ef856fe8f68ac2d2a1
2026-09-27T18:25:00.2749874Z   DJANGO_SECRET_KEY: ci-secret-key
2026-09-27T18:25:00.2750099Z   DJANGO_DEBUG: True
2026-09-27T18:25:00.2750331Z   DJANGO_ALLOWED_HOSTS: localhost,127.0.0.1,.localhost
2026-09-27T18:25:00.2750602Z   DJANGO_DB_ENGINE: postgres
2026-09-27T18:25:00.2750825Z   POSTGRES_DB: accounting_mvp_ci
2026-09-27T18:25:00.2751084Z   POSTGRES_USER: postgres
2026-09-27T18:25:00.2751419Z   POSTGRES_PASSWORD: postgres
2026-09-27T18:25:00.2751638Z   POSTGRES_HOST: 127.0.0.1
2026-09-27T18:25:00.2751847Z   POSTGRES_PORT: 5432
2026-09-27T18:25:00.2752046Z   POSTGRES_CONN_MAX_AGE: 0
2026-09-27T18:25:00.2752250Z ##[endgroup]
2026-09-27T18:25:00.3692145Z ##[group]Installed versions
2026-09-27T18:25:00.3920376Z Successfully set up CPython (3.12.14)
2026-09-27T18:25:00.3920968Z ##[endgroup]
2026-09-27T18:25:00.4162902Z [command]/opt/hostedtoolcache/Python/3.12.14/x64/bin/pip cache dir
2026-09-27T18:25:00.8955617Z /home/runner/.cache/pip
2026-09-27T18:25:01.1165857Z Cache hit for: setup-python-Linux-x64-24.04-Ubuntu-python-3.12.14-pip-25815d4bca4e96336d991d9e1b7cb884ef49e3ba1b43dec0e034ce931299dbdd
2026-09-27T18:25:02.3712238Z Received 33554432 of 110492032 (30.4%), 32.0 MBs/sec
2026-09-27T18:25:02.8497344Z Received 110492032 of 110492032 (100.0%), 71.2 MBs/sec
2026-09-27T18:25:02.8497996Z Cache Size: ~105 MB (110492032 B)
2026-09-27T18:25:02.8548755Z [command]/usr/bin/tar -xf /home/runner/work/_temp/fdfd55cc-4052-446c-9b7f-1ed3995c9f4a/cache.tzst -P -C /home/runner/work/1/1 --use-compress-program unzstd
2026-09-27T18:25:03.0155343Z Cache restored successfully
2026-09-27T18:25:03.0203496Z Cache restored from key: setup-python-Linux-x64-24.04-Ubuntu-python-3.12.14-pip-25815d4bca4e96336d991d9e1b7cb884ef49e3ba1b43dec0e034ce931299dbdd
2026-09-27T18:25:03.0382008Z ##[group]Run python -m pip install -r requirements.txt
2026-09-27T18:25:03.0382440Z [36;1mpython -m pip install -r requirements.txt[0m
2026-09-27T18:25:03.0569611Z shell: /usr/bin/bash -e {0}
2026-09-27T18:25:03.0569852Z env:
2026-09-27T18:25:03.0570095Z   QUALITY_TARGET_REF: 60e0d2900cf4dd15d6a4d0ef856fe8f68ac2d2a1
2026-09-27T18:25:03.0570401Z   DJANGO_SECRET_KEY: ci-secret-key
2026-09-27T18:25:03.0570614Z   DJANGO_DEBUG: True
2026-09-27T18:25:03.0570842Z   DJANGO_ALLOWED_HOSTS: localhost,127.0.0.1,.localhost
2026-09-27T18:25:03.0571151Z   DJANGO_DB_ENGINE: postgres
2026-09-27T18:25:03.0571620Z   POSTGRES_DB: accounting_mvp_ci
2026-09-27T18:25:03.0571906Z   POSTGRES_USER: postgres
2026-09-27T18:25:03.0572207Z   POSTGRES_PASSWORD: postgres
2026-09-27T18:25:03.0572504Z   POSTGRES_HOST: 127.0.0.1
2026-09-27T18:25:03.0572787Z   POSTGRES_PORT: 5432
2026-09-27T18:25:03.0572990Z   POSTGRES_CONN_MAX_AGE: 0
2026-09-27T18:25:03.0573289Z   pythonLocation: /opt/hostedtoolcache/Python/3.12.14/x64
2026-09-27T18:25:03.0573651Z   PKG_CONFIG_PATH: /opt/hostedtoolcache/Python/3.12.14/x64/lib/pkgconfig
2026-09-27T18:25:03.0573982Z   Python_ROOT_DIR: /opt/hostedtoolcache/Python/3.12.14/x64
2026-09-27T18:25:03.0574294Z   Python2_ROOT_DIR: /opt/hostedtoolcache/Python/3.12.14/x64
2026-09-27T18:25:03.0574590Z   Python3_ROOT_DIR: /opt/hostedtoolcache/Python/3.12.14/x64
2026-09-27T18:25:03.0574891Z   LD_LIBRARY_PATH: /opt/hostedtoolcache/Python/3.12.14/x64/lib
2026-09-27T18:25:03.0575152Z ##[endgroup]
2026-09-27T18:25:03.8537461Z Collecting asgiref==3.11.1 (from -r requirements.txt (line 1))
2026-09-27T18:25:03.8547997Z   Using cached asgiref-3.11.1-py3-none-any.whl.metadata (9.3 kB)
2026-09-27T18:25:03.8838325Z Collecting Django==6.0.8 (from -r requirements.txt (line 2))
2026-09-27T18:25:03.8848852Z   Using cached django-6.0.8-py3-none-any.whl.metadata (3.9 kB)
2026-09-27T18:25:03.8911926Z Collecting et_xmlfile==2.0.0 (from -r requirements.txt (line 3))
2026-09-27T18:25:03.8921909Z   Using cached et_xmlfile-2.0.0-py3-none-any.whl.metadata (2.7 kB)
2026-09-27T18:25:03.9017780Z Collecting gunicorn==23.0.0 (from -r requirements.txt (line 4))
2026-09-27T18:25:03.9028426Z   Using cached gunicorn-23.0.0-py3-none-any.whl.metadata (4.4 kB)
2026-09-27T18:25:03.9280720Z Collecting openpyxl==3.1.5 (from -r requirements.txt (line 5))
2026-09-27T18:25:03.9291075Z   Using cached openpyxl-3.1.5-py2.py3-none-any.whl.metadata (2.5 kB)
2026-09-27T18:25:04.0247173Z Collecting pandas==3.0.1 (from -r requirements.txt (line 6))
2026-09-27T18:25:04.0258678Z   Using cached pandas-3.0.1-cp312-cp312-manylinux_2_24_x86_64.manylinux_2_28_x86_64.whl.metadata (79 kB)
2026-09-27T18:25:04.1517271Z Collecting pillow==12.3.0 (from -r requirements.txt (line 7))
2026-09-27T18:25:04.1529234Z   Using cached pillow-12.3.0-cp312-cp312-manylinux_2_27_x86_64.manylinux_2_28_x86_64.whl.metadata (9.1 kB)
2026-09-27T18:25:04.1637385Z Collecting psycopg==3.3.4 (from -r requirements.txt (line 8))
2026-09-27T18:25:04.1647252Z   Using cached psycopg-3.3.4-py3-none-any.whl.metadata (4.3 kB)
2026-09-27T18:25:04.2666340Z Collecting psycopg-binary==3.3.4 (from -r requirements.txt (line 9))
2026-09-27T18:25:04.2678043Z   Using cached psycopg_binary-3.3.4-cp312-cp312-manylinux2014_x86_64.manylinux_2_17_x86_64.whl.metadata (2.7 kB)
2026-09-27T18:25:04.2764589Z Collecting pdfplumber==0.11.9 (from -r requirements.txt (line 10))
2026-09-27T18:25:04.2773857Z   Using cached pdfplumber-0.11.9-py3-none-any.whl.metadata (43 kB)
2026-09-27T18:25:04.2912885Z Collecting pypdf==6.16.1 (from -r requirements.txt (line 11))
2026-09-27T18:25:04.2921103Z   Using cached pypdf-6.16.1-py3-none-any.whl.metadata (7.5 kB)
2026-09-27T18:25:04.3036220Z Collecting PyJWT==2.13.0 (from -r requirements.txt (line 12))
2026-09-27T18:25:04.3045641Z   Using cached pyjwt-2.13.0-py3-none-any.whl.metadata (3.4 kB)
2026-09-27T18:25:04.3116437Z Collecting python-docx==1.2.0 (from -r requirements.txt (line 13))
2026-09-27T18:25:04.3125624Z   Using cached python_docx-1.2.0-py3-none-any.whl.metadata (2.0 kB)
2026-09-27T18:25:04.3209815Z Collecting python-dotenv==1.2.2 (from -r requirements.txt (line 14))
2026-09-27T18:25:04.3218899Z   Using cached python_dotenv-1.2.2-py3-none-any.whl.metadata (27 kB)
2026-09-27T18:25:04.3301651Z Collecting python-pptx==1.0.2 (from -r requirements.txt (line 15))
2026-09-27T18:25:04.3310763Z   Using cached python_pptx-1.0.2-py3-none-any.whl.metadata (2.5 kB)
2026-09-27T18:25:04.3974528Z Collecting reportlab==4.4.9 (from -r requirements.txt (line 16))
2026-09-27T18:25:04.3985294Z   Using cached reportlab-4.4.9-py3-none-any.whl.metadata (1.7 kB)
2026-09-27T18:25:04.4965254Z Collecting redis==5.3.1 (from -r requirements.txt (line 17))
2026-09-27T18:25:04.4976166Z   Using cached redis-5.3.1-py3-none-any.whl.metadata (9.2 kB)
2026-09-27T18:25:04.5064338Z Collecting sqlparse==0.6.0 (from -r requirements.txt (line 18))
2026-09-27T18:25:04.5073629Z   Using cached sqlparse-0.6.0-py3-none-any.whl.metadata (6.0 kB)
2026-09-27T18:25:04.5172757Z Collecting typing_extensions==4.15.0 (from -r requirements.txt (line 19))
2026-09-27T18:25:04.5182233Z   Using cached typing_extensions-4.15.0-py3-none-any.whl.metadata (3.3 kB)
2026-09-27T18:25:04.5259613Z Collecting tzdata==2026.2 (from -r requirements.txt (line 20))
2026-09-27T18:25:04.5268412Z   Using cached tzdata-2026.2-py2.py3-none-any.whl.metadata (1.4 kB)
2026-09-27T18:25:04.5394668Z Collecting packaging (from gunicorn==23.0.0->-r requirements.txt (line 4))
2026-09-27T18:25:04.5404377Z   Using cached packaging-26.3-py3-none-any.whl.metadata (3.5 kB)
2026-09-27T18:25:04.6876142Z Collecting numpy>=1.26.0 (from pandas==3.0.1->-r requirements.txt (line 6))
2026-09-27T18:25:04.6890410Z   Using cached numpy-2.5.3-cp312-cp312-manylinux_2_27_x86_64.manylinux_2_28_x86_64.whl.metadata (6.6 kB)
2026-09-27T18:25:04.7278135Z Collecting python-dateutil>=2.8.2 (from pandas==3.0.1->-r requirements.txt (line 6))
2026-09-27T18:25:04.7287253Z   Using cached python_dateutil-2.9.0.post0-py2.py3-none-any.whl.metadata (8.4 kB)
2026-09-27T18:25:04.7402848Z Collecting pdfminer.six==20251230 (from pdfplumber==0.11.9->-r requirements.txt (line 10))
2026-09-27T18:25:04.7411868Z   Using cached pdfminer_six-20251230-py3-none-any.whl.metadata (4.3 kB)
2026-09-27T18:25:04.7966120Z Collecting pypdfium2>=4.18.0 (from pdfplumber==0.11.9->-r requirements.txt (line 10))
2026-09-27T18:25:04.7977685Z   Using cached pypdfium2-5.13.0-py3-none-manylinux_2_17_x86_64.manylinux2014_x86_64.whl.metadata (66 kB)
2026-09-27T18:25:04.9559812Z Collecting lxml>=3.1.0 (from python-docx==1.2.0->-r requirements.txt (line 13))
2026-09-27T18:25:04.9571875Z   Using cached lxml-6.1.3-cp312-cp312-manylinux_2_26_x86_64.manylinux_2_28_x86_64.whl.metadata (3.3 kB)
2026-09-27T18:25:04.9826317Z Collecting XlsxWriter>=0.5.7 (from python-pptx==1.0.2->-r requirements.txt (line 15))
2026-09-27T18:25:04.9835834Z   Using cached xlsxwriter-3.2.9-py3-none-any.whl.metadata (2.7 kB)
2026-09-27T18:25:05.0656138Z Collecting charset-normalizer (from reportlab==4.4.9->-r requirements.txt (line 16))
2026-09-27T18:25:05.0667875Z   Using cached charset_normalizer-3.5.1-cp312-cp312-manylinux2014_x86_64.manylinux_2_17_x86_64.manylinux_2_28_x86_64.whl.metadata (45 kB)
2026-09-27T18:25:05.2154820Z Collecting cryptography>=36.0.0 (from pdfminer.six==20251230->pdfplumber==0.11.9->-r requirements.txt (line 10))
2026-09-27T18:25:05.2166297Z   Using cached cryptography-50.0.1-cp311-abi3-manylinux_2_34_x86_64.whl.metadata (4.3 kB)
2026-09-27T18:25:05.2871693Z Collecting cffi>=2.0.0 (from cryptography>=36.0.0->pdfminer.six==20251230->pdfplumber==0.11.9->-r requirements.txt (line 10))
2026-09-27T18:25:05.2884363Z   Using cached cffi-2.1.1-cp312-cp312-manylinux2014_x86_64.manylinux_2_17_x86_64.whl.metadata (2.5 kB)
2026-09-27T18:25:05.2959316Z Collecting pycparser (from cffi>=2.0.0->cryptography>=36.0.0->pdfminer.six==20251230->pdfplumber==0.11.9->-r requirements.txt (line 10))
2026-09-27T18:25:05.2967945Z   Using cached pycparser-3.0-py3-none-any.whl.metadata (8.2 kB)
2026-09-27T18:25:05.3058978Z Collecting six>=1.5 (from python-dateutil>=2.8.2->pandas==3.0.1->-r requirements.txt (line 6))
2026-09-27T18:25:05.3067756Z   Using cached six-1.17.0-py2.py3-none-any.whl.metadata (1.7 kB)
2026-09-27T18:25:05.3098473Z Using cached asgiref-3.11.1-py3-none-any.whl (24 kB)
2026-09-27T18:25:05.3107293Z Using cached django-6.0.8-py3-none-any.whl (8.4 MB)
2026-09-27T18:25:05.3138958Z Using cached et_xmlfile-2.0.0-py3-none-any.whl (18 kB)
2026-09-27T18:25:05.3147279Z Using cached gunicorn-23.0.0-py3-none-any.whl (85 kB)
2026-09-27T18:25:05.3156363Z Using cached openpyxl-3.1.5-py2.py3-none-any.whl (250 kB)
2026-09-27T18:25:05.3165971Z Using cached pandas-3.0.1-cp312-cp312-manylinux_2_24_x86_64.manylinux_2_28_x86_64.whl (10.9 MB)
2026-09-27T18:25:05.3203757Z Using cached pillow-12.3.0-cp312-cp312-manylinux_2_27_x86_64.manylinux_2_28_x86_64.whl (6.9 MB)
2026-09-27T18:25:05.3230562Z Using cached psycopg-3.3.4-py3-none-any.whl (213 kB)
2026-09-27T18:25:05.3240369Z Using cached psycopg_binary-3.3.4-cp312-cp312-manylinux2014_x86_64.manylinux_2_17_x86_64.whl (5.2 MB)
2026-09-27T18:25:05.3262765Z Using cached pdfplumber-0.11.9-py3-none-any.whl (60 kB)
2026-09-27T18:25:05.3271552Z Using cached pypdf-6.16.1-py3-none-any.whl (382 kB)
2026-09-27T18:25:05.3280999Z Using cached pyjwt-2.13.0-py3-none-any.whl (31 kB)
2026-09-27T18:25:05.3289471Z Using cached python_docx-1.2.0-py3-none-any.whl (252 kB)
2026-09-27T18:25:05.3298714Z Using cached python_dotenv-1.2.2-py3-none-any.whl (22 kB)
2026-09-27T18:25:05.3307028Z Using cached python_pptx-1.0.2-py3-none-any.whl (472 kB)
2026-09-27T18:25:05.3316618Z Using cached reportlab-4.4.9-py3-none-any.whl (2.0 MB)
2026-09-27T18:25:05.3330198Z Using cached redis-5.3.1-py3-none-any.whl (272 kB)
2026-09-27T18:25:05.3339630Z Using cached sqlparse-0.6.0-py3-none-any.whl (50 kB)
2026-09-27T18:25:05.3348469Z Using cached typing_extensions-4.15.0-py3-none-any.whl (44 kB)
2026-09-27T18:25:05.3357173Z Using cached tzdata-2026.2-py2.py3-none-any.whl (349 kB)
2026-09-27T18:25:05.3367309Z Using cached pdfminer_six-20251230-py3-none-any.whl (6.6 MB)
2026-09-27T18:25:05.3393852Z Using cached charset_normalizer-3.5.1-cp312-cp312-manylinux2014_x86_64.manylinux_2_17_x86_64.manylinux_2_28_x86_64.whl (248 kB)
2026-09-27T18:25:05.3403226Z Using cached cryptography-50.0.1-cp311-abi3-manylinux_2_34_x86_64.whl (4.7 MB)
2026-09-27T18:25:05.3424907Z Using cached cffi-2.1.1-cp312-cp312-manylinux2014_x86_64.manylinux_2_17_x86_64.whl (221 kB)
2026-09-27T18:25:05.3434439Z Using cached lxml-6.1.3-cp312-cp312-manylinux_2_26_x86_64.manylinux_2_28_x86_64.whl (5.2 MB)
2026-09-27T18:25:05.3457083Z Using cached numpy-2.5.3-cp312-cp312-manylinux_2_27_x86_64.manylinux_2_28_x86_64.whl (16.7 MB)
2026-09-27T18:25:05.3509124Z Using cached pypdfium2-5.13.0-py3-none-manylinux_2_17_x86_64.manylinux2014_x86_64.whl (3.7 MB)
2026-09-27T18:25:05.3527810Z Using cached python_dateutil-2.9.0.post0-py2.py3-none-any.whl (229 kB)
2026-09-27T18:25:05.3537088Z Using cached six-1.17.0-py2.py3-none-any.whl (11 kB)
2026-09-27T18:25:05.3545876Z Using cached xlsxwriter-3.2.9-py3-none-any.whl (175 kB)
2026-09-27T18:25:05.3555037Z Using cached packaging-26.3-py3-none-any.whl (129 kB)
2026-09-27T18:25:05.3563975Z Using cached pycparser-3.0-py3-none-any.whl (48 kB)
2026-09-27T18:25:05.6062324Z Installing collected packages: XlsxWriter, tzdata, typing_extensions, sqlparse, six, python-dotenv, pypdfium2, pypdf, PyJWT, pycparser, psycopg-binary, pillow, packaging, numpy, lxml, et_xmlfile, charset-normalizer, asgiref, reportlab, redis, python-pptx, python-docx, python-dateutil, psycopg, openpyxl, gunicorn, Django, cffi, pandas, cryptography, pdfminer.six, pdfplumber
2026-09-27T18:25:15.4728578Z 
2026-09-27T18:25:15.4755402Z Successfully installed Django-6.0.8 PyJWT-2.13.0 XlsxWriter-3.2.9 asgiref-3.11.1 cffi-2.1.1 charset-normalizer-3.5.1 cryptography-50.0.1 et_xmlfile-2.0.0 gunicorn-23.0.0 lxml-6.1.3 numpy-2.5.3 openpyxl-3.1.5 packaging-26.3 pandas-3.0.1 pdfminer.six-20251230 pdfplumber-0.11.9 pillow-12.3.0 psycopg-3.3.4 psycopg-binary-3.3.4 pycparser-3.0 pypdf-6.16.1 pypdfium2-5.13.0 python-dateutil-2.9.0.post0 python-docx-1.2.0 python-dotenv-1.2.2 python-pptx-1.0.2 redis-5.3.1 reportlab-4.4.9 six-1.17.0 sqlparse-0.6.0 typing_extensions-4.15.0 tzdata-2026.2
2026-09-27T18:25:15.5832273Z ##[group]Run python -m pip install \
2026-09-27T18:25:15.5832586Z [36;1mpython -m pip install \[0m
2026-09-27T18:25:15.5832832Z [36;1m  --disable-pip-version-check \[0m
2026-09-27T18:25:15.5833068Z [36;1m  --no-deps \[0m
2026-09-27T18:25:15.5833261Z [36;1m  --require-hashes \[0m
2026-09-27T18:25:15.5833484Z [36;1m  -r requirements-coverage.txt[0m
2026-09-27T18:25:15.5833820Z [36;1mpython -c "import coverage; assert coverage.__version__ == '7.16.1'"[0m
2026-09-27T18:25:15.5892436Z shell: /usr/bin/bash -e {0}
2026-09-27T18:25:15.5892657Z env:
2026-09-27T18:25:15.5892896Z   QUALITY_TARGET_REF: 60e0d2900cf4dd15d6a4d0ef856fe8f68ac2d2a1
2026-09-27T18:25:15.5893197Z   DJANGO_SECRET_KEY: ci-secret-key
2026-09-27T18:25:15.5893412Z   DJANGO_DEBUG: True
2026-09-27T18:25:15.5893626Z   DJANGO_ALLOWED_HOSTS: localhost,127.0.0.1,.localhost
2026-09-27T18:25:15.5893903Z   DJANGO_DB_ENGINE: postgres
2026-09-27T18:25:15.5894110Z   POSTGRES_DB: accounting_mvp_ci
2026-09-27T18:25:15.5894360Z   POSTGRES_USER: postgres
2026-09-27T18:25:15.5894559Z   POSTGRES_PASSWORD: postgres
2026-09-27T18:25:15.5894763Z   POSTGRES_HOST: 127.0.0.1
2026-09-27T18:25:15.5894950Z   POSTGRES_PORT: 5432
2026-09-27T18:25:15.5895148Z   POSTGRES_CONN_MAX_AGE: 0
2026-09-27T18:25:15.5895392Z   pythonLocation: /opt/hostedtoolcache/Python/3.12.14/x64
2026-09-27T18:25:15.5895735Z   PKG_CONFIG_PATH: /opt/hostedtoolcache/Python/3.12.14/x64/lib/pkgconfig
2026-09-27T18:25:15.5896064Z   Python_ROOT_DIR: /opt/hostedtoolcache/Python/3.12.14/x64
2026-09-27T18:25:15.5896376Z   Python2_ROOT_DIR: /opt/hostedtoolcache/Python/3.12.14/x64
2026-09-27T18:25:15.5896677Z   Python3_ROOT_DIR: /opt/hostedtoolcache/Python/3.12.14/x64
2026-09-27T18:25:15.5896979Z   LD_LIBRARY_PATH: /opt/hostedtoolcache/Python/3.12.14/x64/lib
2026-09-27T18:25:15.5897250Z ##[endgroup]
2026-09-27T18:25:16.2794153Z Collecting coverage==7.16.1 (from -r requirements-coverage.txt (line 1))
2026-09-27T18:25:16.3230976Z   Downloading coverage-7.16.1-cp312-cp312-manylinux1_x86_64.manylinux_2_28_x86_64.manylinux_2_5_x86_64.whl (258 kB)
2026-09-27T18:25:16.3532479Z Installing collected packages: coverage
2026-09-27T18:25:16.4479511Z Successfully installed coverage-7.16.1
2026-09-27T18:25:16.6795136Z ##[group]Run mkdir -p media/employee_photos artifacts
2026-09-27T18:25:16.6795471Z [36;1mmkdir -p media/employee_photos artifacts[0m
2026-09-27T18:25:16.6851619Z shell: /usr/bin/bash -e {0}
2026-09-27T18:25:16.6851834Z env:
2026-09-27T18:25:16.6852059Z   QUALITY_TARGET_REF: 60e0d2900cf4dd15d6a4d0ef856fe8f68ac2d2a1
2026-09-27T18:25:16.6852343Z   DJANGO_SECRET_KEY: ci-secret-key
2026-09-27T18:25:16.6852550Z   DJANGO_DEBUG: True
2026-09-27T18:25:16.6852779Z   DJANGO_ALLOWED_HOSTS: localhost,127.0.0.1,.localhost
2026-09-27T18:25:16.6853033Z   DJANGO_DB_ENGINE: postgres
2026-09-27T18:25:16.6853399Z   POSTGRES_DB: accounting_mvp_ci
2026-09-27T18:25:16.6853604Z   POSTGRES_USER: postgres
2026-09-27T18:25:16.6853804Z   POSTGRES_PASSWORD: postgres
2026-09-27T18:25:16.6854089Z   POSTGRES_HOST: 127.0.0.1
2026-09-27T18:25:16.6854316Z   POSTGRES_PORT: 5432
2026-09-27T18:25:16.6854497Z   POSTGRES_CONN_MAX_AGE: 0
2026-09-27T18:25:16.6854773Z   pythonLocation: /opt/hostedtoolcache/Python/3.12.14/x64
2026-09-27T18:25:16.6855111Z   PKG_CONFIG_PATH: /opt/hostedtoolcache/Python/3.12.14/x64/lib/pkgconfig
2026-09-27T18:25:16.6855440Z   Python_ROOT_DIR: /opt/hostedtoolcache/Python/3.12.14/x64
2026-09-27T18:25:16.6855742Z   Python2_ROOT_DIR: /opt/hostedtoolcache/Python/3.12.14/x64
2026-09-27T18:25:16.6856042Z   Python3_ROOT_DIR: /opt/hostedtoolcache/Python/3.12.14/x64
2026-09-27T18:25:16.6856339Z   LD_LIBRARY_PATH: /opt/hostedtoolcache/Python/3.12.14/x64/lib
2026-09-27T18:25:16.6856595Z ##[endgroup]
2026-09-27T18:25:16.6961490Z ##[group]Run python manage.py check
2026-09-27T18:25:16.6961788Z [36;1mpython manage.py check[0m
2026-09-27T18:25:16.6962069Z [36;1mpython manage.py makemigrations --check[0m
2026-09-27T18:25:16.6962364Z [36;1mpython tools/validate_ci_test_matrix.py \[0m
2026-09-27T18:25:16.6962678Z [36;1m  --manifest ../../.github/ci/django-test-matrix.json[0m
2026-09-27T18:25:16.7010831Z shell: /usr/bin/bash -e {0}
2026-09-27T18:25:16.7011052Z env:
2026-09-27T18:25:16.7011429Z   QUALITY_TARGET_REF: 60e0d2900cf4dd15d6a4d0ef856fe8f68ac2d2a1
2026-09-27T18:25:16.7011745Z   DJANGO_SECRET_KEY: ci-secret-key
2026-09-27T18:25:16.7011976Z   DJANGO_DEBUG: True
2026-09-27T18:25:16.7012209Z   DJANGO_ALLOWED_HOSTS: localhost,127.0.0.1,.localhost
2026-09-27T18:25:16.7012481Z   DJANGO_DB_ENGINE: postgres
2026-09-27T18:25:16.7012704Z   POSTGRES_DB: accounting_mvp_ci
2026-09-27T18:25:16.7012939Z   POSTGRES_USER: postgres
2026-09-27T18:25:16.7013149Z   POSTGRES_PASSWORD: postgres
2026-09-27T18:25:16.7013392Z   POSTGRES_HOST: 127.0.0.1
2026-09-27T18:25:16.7013592Z   POSTGRES_PORT: 5432
2026-09-27T18:25:16.7013784Z   POSTGRES_CONN_MAX_AGE: 0
2026-09-27T18:25:16.7014038Z   pythonLocation: /opt/hostedtoolcache/Python/3.12.14/x64
2026-09-27T18:25:16.7014397Z   PKG_CONFIG_PATH: /opt/hostedtoolcache/Python/3.12.14/x64/lib/pkgconfig
2026-09-27T18:25:16.7014732Z   Python_ROOT_DIR: /opt/hostedtoolcache/Python/3.12.14/x64
2026-09-27T18:25:16.7015042Z   Python2_ROOT_DIR: /opt/hostedtoolcache/Python/3.12.14/x64
2026-09-27T18:25:16.7015365Z   Python3_ROOT_DIR: /opt/hostedtoolcache/Python/3.12.14/x64
2026-09-27T18:25:16.7015673Z   LD_LIBRARY_PATH: /opt/hostedtoolcache/Python/3.12.14/x64/lib
2026-09-27T18:25:16.7015944Z ##[endgroup]
2026-09-27T18:25:18.1824031Z System check identified no issues (0 silenced).
2026-09-27T18:25:19.2543076Z No changes detected
2026-09-27T18:25:19.4400790Z sqlite=[{"name":"users","apps":["users"],"tests":"users"},{"name":"field-core","apps":["core","trips","downtimes"],"tests":"core trips downtimes"},{"name":"planning","apps":["shifts","assignments","references"],"tests":"shifts assignments references"},{"name":"reports-and-portal","apps":["reports","portal"],"tests":"reports portal"},{"name":"rotations","apps":["rotations"],"tests":"rotations"},{"name":"settlement-core","apps":["settlement"],"tests":"settlement.tests"},{"name":"settlement-extended","apps":[],"tests":"settlement.test_control settlement.test_validator settlement.test_arrival_roster_cohort_readiness settlement.test_arrival_roster_cohort_auto_integration settlement.test_arrival_roster_cohort_creation settlement.test_arrival_roster_routing_queue settlement.test_arrival_roster_cohort_preview_ui settlement.test_cohort_member_watch_profile_provenance settlement.test_arrival_roster_cohort_creation_ui settlement.test_arrival_roster_cohort_provenance settlement.test_arrival_roster_cohort_creation_view"}]
2026-09-27T18:25:19.4418236Z postgresql=[{"name":"dispatcher-assign-atomicity","tests":"trips.test_dispatcher_topology_commands.DispatcherAssignTruckAtomicityTests trips.test_dispatcher_topology_commands.DispatcherAssignTruckPostgreSQLConcurrencyTests"},{"name":"field-operations","tests":"core.test_free_bucket_sync.FreeBucketPostgreSQLConcurrencyTests core.test_offline_sync.OfflineEventPostgreSQLConcurrencyTests core.test_postgresql_ready_core_post_smoke.PostgreSQLReadyCorePostSmokeTests downtimes.test_chaos_p01_005_postgresql.DowntimePostgreSQLConcurrencyRegressionTests shifts.test_chaos_p04_009_postgresql.ExcavatorConcurrentShiftStartPostgreSQLTests shifts.test_watch_period_linkage_postgresql.DriverWatchPeriodCatalogPostgreSQLTests trips.test_chaos_dispatcher_active_role.DispatcherActiveRolePostgreSQLConcurrencyTests trips.test_chaos_dispatcher_active_role.ExcavatorActiveRolePostgreSQLConcurrencyTests trips.test_chaos_trip_terminal_idempotency.TripTerminalPostgreSQLConcurrencyTests"},{"name":"users-and-reports","tests":"users.test_employee_access_lock_order reports.test_driver_rating_materialization_postgresql reports.test_rating_period_generation_postgresql"},{"name":"settlement","tests":"settlement.tests.SettlementMutualRelocationConcurrencyTests settlement.test_control.SettlementControlConcurrencyTests"},{"name":"cross-database-contracts","tests":"assignments.tests.MiningMasterAssignmentsViewTests.test_mining_master_json_move_excavator_active_creates_placement assignments.tests.MiningMasterAssignmentsViewTests.test_mining_master_json_move_excavator_inactive_disbands_complex assignments.tests.MiningMasterAssignmentsViewTests.test_mining_master_json_release_complex_keeps_excavator_active reports.test_driver_rating_assignment_groups.DriverRatingAssignmentGroupTests reports.test_rating_tv_assignment_data.DriverRatingTvAssignmentDataTests rotations.test_arrival_roster_routing.ArrivalRosterRoutingCommandTests.test_routes_all_five_variants_and_creates_one_complete_batch_atomically settlement.test_arrival_roster_cohort_auto_integration.ArrivalRosterCohortAutoIntegrationTests settlement.tests.M8SettlementApplyTests.test_historical_whole_run_application_is_returned_without_rewrite"},{"name":"migration-portability","tests":"settlement.tests.EmployeeBedOccupancyCanonicalIntervalMigrationTests settlement.tests.ResidentSubjectTransitionMigrationTests settlement.tests.M5ShiftSourceMigrationTests"}]
2026-09-27T18:25:19.4476053Z ##[group]Run set -o pipefail
2026-09-27T18:25:19.4476317Z [36;1mset -o pipefail[0m
2026-09-27T18:25:19.4476623Z [36;1mif python -c "import coverage; assert coverage.__version__ == '7.16.1'" \[0m
2026-09-27T18:25:19.4476965Z [36;1m  >/dev/null 2>&1; then[0m
2026-09-27T18:25:19.4477188Z [36;1m  python -m coverage erase[0m
2026-09-27T18:25:19.4477441Z [36;1m  python -m coverage run --rcfile=.coveragerc \[0m
2026-09-27T18:25:19.4477724Z [36;1m    manage.py test --verbosity 1 2>&1 \[0m
2026-09-27T18:25:19.4477993Z [36;1m    | tee artifacts/django-full-postgresql.log[0m
2026-09-27T18:25:19.4478239Z [36;1melse[0m
2026-09-27T18:25:19.4478409Z [36;1m  printf '%s\n' \[0m
2026-09-27T18:25:19.4478695Z [36;1m    'Coverage tool is unavailable; running the unchanged test command.' \[0m
2026-09-27T18:25:19.4479031Z [36;1m    | tee artifacts/coverage-not-produced.log[0m
2026-09-27T18:25:19.4479321Z [36;1m  python manage.py test --verbosity 1 2>&1 \[0m
2026-09-27T18:25:19.4479638Z [36;1m    | tee artifacts/django-full-postgresql.log[0m
2026-09-27T18:25:19.4479880Z [36;1mfi[0m
2026-09-27T18:25:19.4537963Z shell: /usr/bin/bash --noprofile --norc -e -o pipefail {0}
2026-09-27T18:25:19.4538242Z env:
2026-09-27T18:25:19.4538472Z   QUALITY_TARGET_REF: 60e0d2900cf4dd15d6a4d0ef856fe8f68ac2d2a1
2026-09-27T18:25:19.4538759Z   DJANGO_SECRET_KEY: ci-secret-key
2026-09-27T18:25:19.4538973Z   DJANGO_DEBUG: True
2026-09-27T18:25:19.4539186Z   DJANGO_ALLOWED_HOSTS: localhost,127.0.0.1,.localhost
2026-09-27T18:25:19.4539589Z   DJANGO_DB_ENGINE: postgres
2026-09-27T18:25:19.4539892Z   POSTGRES_DB: accounting_mvp_ci
2026-09-27T18:25:19.4540312Z   POSTGRES_USER: postgres
2026-09-27T18:25:19.4540617Z   POSTGRES_PASSWORD: postgres
2026-09-27T18:25:19.4540946Z   POSTGRES_HOST: 127.0.0.1
2026-09-27T18:25:19.4541408Z   POSTGRES_PORT: 5432
2026-09-27T18:25:19.4541703Z   POSTGRES_CONN_MAX_AGE: 0
2026-09-27T18:25:19.4542247Z   pythonLocation: /opt/hostedtoolcache/Python/3.12.14/x64
2026-09-27T18:25:19.4542707Z   PKG_CONFIG_PATH: /opt/hostedtoolcache/Python/3.12.14/x64/lib/pkgconfig
2026-09-27T18:25:19.4543163Z   Python_ROOT_DIR: /opt/hostedtoolcache/Python/3.12.14/x64
2026-09-27T18:25:19.4543640Z   Python2_ROOT_DIR: /opt/hostedtoolcache/Python/3.12.14/x64
2026-09-27T18:25:19.4544038Z   Python3_ROOT_DIR: /opt/hostedtoolcache/Python/3.12.14/x64
2026-09-27T18:25:19.4556553Z   LD_LIBRARY_PATH: /opt/hostedtoolcache/Python/3.12.14/x64/lib
2026-09-27T18:25:19.4557003Z ##[endgroup]
2026-09-27T18:25:22.3916842Z Creating test database for alias 'default'...
2026-09-27T18:26:50.1178018Z .................................................................................................................................................................................................................................offline_sync: accepted despite discrepancy (Начало простоя водителя/loaded_trip_required) employee=561 role=425 — Этот простой доступен только после погрузки самосвала. Простой принят по решению водителя.
2026-09-27T18:26:52.3809296Z ...........offline_sync: accepted despite discrepancy (Отмена погрузки/cancel_before_load) employee=582 role=446 — Отмена рейса #62 на 2026-09-27 18:26:47.285585+00:00 раньше времени погрузки (2026-09-27 18:26:52.285585+00:00). Принято по времени нажатия.
2026-09-27T18:26:54.8562773Z ...........offline_sync: accepted despite discrepancy (Погрузка экскаватором/assignment_context_changed) employee=604 role=468 — Самосвал Самосвал 21 на момент погрузки (2026-09-27 18:26:57.713499+00:00) открыто числился за другим экскаватором. Погрузка машиниста принята через свободный ковш (приём #44, сразу использован), основное назначение самосвала на пульте не тронуто.
2026-09-27T18:26:55.0631157Z .offline_sync: accepted despite discrepancy (Переключение причины простоя/downtime_switch_before_start) employee=606 role=470 — Работник переключает причину простоя на 2026-09-27 17:56:55.044272+00:00, раньше начала текущего простоя #23 (2026-09-27 18:26:55.017775+00:00). Принято по фактическому времени начала текущего простоя.
2026-09-27T18:26:55.7068140Z ...offline_sync: event excavator-after-shift occurred_at=2026-09-27 17:31:55.685829+00:00 after shift 292 closed_at=2026-09-27 17:26:55.685829+00:00; accepted into shift history anyway
2026-09-27T18:26:56.0800805Z .offline_sync: accepted despite discrepancy (Погрузка экскаватором/open_trip_changed) employee=614 role=478 — Опоздавшее событие погрузки самосвала Самосвал 21 на 2026-09-27 17:58:55.852156+00:00 попало в промежуток перед рейсом #74 — создан исторический рейс #75, сразу закрытый как непроконтролированный на момент начала #74. Действующий рейс #74 не тронут.
2026-09-27T18:26:56.4146977Z .offline_sync: accepted despite discrepancy (Погрузка экскаватором/open_trip_changed) employee=616 role=480 — Опоздавшее событие погрузки самосвала Самосвал 21 на 2026-09-27 18:21:57.215933+00:00 попадает в окно уже известного рейса #76 — та же погрузка, повторно отмеченная. Новый рейс не создан, действующий рейс #77 не тронут.
2026-09-27T18:26:58.1374698Z .........offline_sync: accepted despite discrepancy (Погрузка экскаватором/assignment_context_changed) employee=634 role=498 — Для пары самосвал 906/экскаватор 908 на момент погрузки (2026-09-27 18:26:58.099175+00:00) не нашлось вообще никакого назначения. Погрузка машиниста принята, заведено назначение #313 по факту этой погрузки.
2026-09-27T18:26:58.3933966Z .offline_sync: accepted despite discrepancy (Погрузка экскаватором/assignment_context_changed) employee=636 role=500 — Самосвал Самосвал 21 на момент погрузки (2026-09-27 18:26:58.336200+00:00) открыто числился за другим экскаватором. Погрузка машиниста принята через свободный ковш (приём #45, сразу использован), основное назначение самосвала на пульте не тронуто.
2026-09-27T18:26:59.5445700Z .....offline_sync: accepted despite discrepancy (Погрузка экскаватором/open_trip_changed) employee=646 role=510 — Машинист грузит самосвал Самосвал 21, но открытый рейс #89 на сервере не совпал с ожидаемым (#—). Погрузка принята, старый рейс закрыт как непроконтролированный (uncontrolled), засчитан тому, кто грузил.
2026-09-27T18:27:12.2013213Z ......................................................Found 3040 test(s).
2026-09-27T18:27:12.2013812Z System check identified no issues (0 silenced).
2026-09-27T18:27:43.5159242Z ....................................................................................................................................................................................................................................................................Service Unavailable: /reports/rating/tv/qa-live/data/
2026-09-27T18:27:43.5565382Z .Service Unavailable: /reports/rating/tv/qa-live/data/
2026-09-27T18:27:43.8243502Z .....Service Unavailable: /reports/rating/tv/qa-live/state/
2026-09-27T18:27:43.8708895Z .Service Unavailable: /reports/rating/tv/qa-live/state/
2026-09-27T18:27:43.9131550Z .Service Unavailable: /reports/rating/tv/qa-live/state/
2026-09-27T18:27:43.9226873Z Service Unavailable: /reports/rating/tv/qa-live/state/
2026-09-27T18:27:43.9323448Z Service Unavailable: /reports/rating/tv/qa-live/state/
2026-09-27T18:27:43.9417395Z Service Unavailable: /reports/rating/tv/qa-live/state/
2026-09-27T18:27:43.9511139Z Service Unavailable: /reports/rating/tv/qa-live/state/
2026-09-27T18:27:43.9605195Z Service Unavailable: /reports/rating/tv/qa-live/state/
2026-09-27T18:27:43.9700446Z Service Unavailable: /reports/rating/tv/qa-live/state/
2026-09-27T18:27:43.9793971Z Service Unavailable: /reports/rating/tv/qa-live/state/
2026-09-27T18:27:51.1306621Z .........................................................Forbidden (CSRF cookie not set.): /timekeeper/arrival-rosters/40/routing/
2026-09-27T18:27:57.6153684Z ...................................................Forbidden (CSRF cookie not set.): /timekeeper/arrival-rosters/91/rows/117/resident/select/
2026-09-27T18:28:01.0035739Z ...................Forbidden (CSRF cookie not set.): /timekeeper/arrival-rosters/upload/
2026-09-27T18:28:06.2709827Z ....................................Forbidden (CSRF cookie not set.): /timekeeper/arrival-rosters/142/employees/add/
2026-09-27T18:28:06.2747289Z Forbidden (CSRF cookie not set.): /timekeeper/arrival-rosters/142/external/add/
2026-09-27T18:28:06.2795151Z Forbidden (CSRF cookie not set.): /timekeeper/arrival-rosters/142/confirm-unambiguous/
2026-09-27T18:28:13.6372506Z ......................Forbidden (CSRF cookie not set.): /timekeeper/arrival-rosters/182/approve/
2026-09-27T18:28:16.4239586Z ......Forbidden (CSRF cookie not set.): /timekeeper/arrival-rosters/193/create-revision/
2026-09-27T18:28:22.6733373Z ......................................................................................Forbidden (CSRF cookie not set.): /timekeeper/login/
2026-09-27T18:28:22.6867096Z Forbidden (CSRF token missing.): /timekeeper/logout/
2026-09-27T18:28:23.9660616Z ............Forbidden (CSRF cookie not set.): /timekeeper/brigade-phase-calendar/create/
2026-09-27T18:28:24.0041594Z Forbidden (CSRF cookie not set.): /timekeeper/brigade-phase-calendar/4/confirm/
2026-09-27T18:28:25.3520436Z ...............Internal Server Error: /timekeeper/brigade-phase-calendar/create/
2026-09-27T18:28:25.3520884Z Traceback (most recent call last):
2026-09-27T18:28:25.3528980Z   File "/opt/hostedtoolcache/Python/3.12.14/x64/lib/python3.12/site-packages/django/core/handlers/exception.py", line 55, in inner
2026-09-27T18:28:25.3529746Z     response = get_response(request)
2026-09-27T18:28:25.3529991Z                ^^^^^^^^^^^^^^^^^^^^^
2026-09-27T18:28:25.3530526Z   File "/opt/hostedtoolcache/Python/3.12.14/x64/lib/python3.12/site-packages/django/core/handlers/base.py", line 198, in _get_response
2026-09-27T18:28:25.3531249Z     response = wrapped_callback(request, *callback_args, **callback_kwargs)
2026-09-27T18:28:25.3531810Z                ^^^^^^^^^^^^^^^^^^^^^^^^^^^^^^^^^^^^^^^^^^^^^^^^^^^^^^^^^^^^
2026-09-27T18:28:25.3532450Z   File "/opt/hostedtoolcache/Python/3.12.14/x64/lib/python3.12/site-packages/django/views/decorators/http.py", line 64, in inner
2026-09-27T18:28:25.3532972Z     return func(request, *args, **kwargs)
2026-09-27T18:28:25.3533215Z            ^^^^^^^^^^^^^^^^^^^^^^^^^^^^^^
2026-09-27T18:28:25.3534240Z   File "/home/runner/work/1/1/СИСТЕМА_MVP/backend/rotations/views.py", line 571, in timekeeper_brigade_phase_calendar_create_view
2026-09-27T18:28:25.3534768Z     create_watch_period_brigade_phase_draft(
2026-09-27T18:28:25.3535208Z   File "/opt/hostedtoolcache/Python/3.12.14/x64/lib/python3.12/unittest/mock.py", line 1139, in __call__
2026-09-27T18:28:25.3535603Z     return self._mock_call(*args, **kwargs)
2026-09-27T18:28:25.3535837Z            ^^^^^^^^^^^^^^^^^^^^^^^^^^^^^^^^
2026-09-27T18:28:25.3536366Z   File "/opt/hostedtoolcache/Python/3.12.14/x64/lib/python3.12/unittest/mock.py", line 1143, in _mock_call
2026-09-27T18:28:25.3536907Z     return self._execute_mock_call(*args, **kwargs)
2026-09-27T18:28:25.3537162Z            ^^^^^^^^^^^^^^^^^^^^^^^^^^^^^^^^^^^^^^^^
2026-09-27T18:28:25.3537891Z   File "/opt/hostedtoolcache/Python/3.12.14/x64/lib/python3.12/unittest/mock.py", line 1198, in _execute_mock_call
2026-09-27T18:28:25.3538301Z     raise effect
2026-09-27T18:28:25.3538497Z RuntimeError: programming failure
2026-09-27T18:28:26.4159291Z ........Forbidden (CSRF cookie not set.): /timekeeper/employee-watch-profiles/create/
2026-09-27T18:28:26.5223383Z .Internal Server Error: /timekeeper/employee-watch-profiles/create/
2026-09-27T18:28:26.5224057Z Traceback (most recent call last):
2026-09-27T18:28:26.5225062Z   File "/opt/hostedtoolcache/Python/3.12.14/x64/lib/python3.12/site-packages/django/core/handlers/exception.py", line 55, in inner
2026-09-27T18:28:26.5226297Z     response = get_response(request)
2026-09-27T18:28:26.5241488Z                ^^^^^^^^^^^^^^^^^^^^^
2026-09-27T18:28:26.5242575Z   File "/opt/hostedtoolcache/Python/3.12.14/x64/lib/python3.12/site-packages/django/core/handlers/base.py", line 198, in _get_response
2026-09-27T18:28:26.5243497Z     response = wrapped_callback(request, *callback_args, **callback_kwargs)
2026-09-27T18:28:26.5244082Z                ^^^^^^^^^^^^^^^^^^^^^^^^^^^^^^^^^^^^^^^^^^^^^^^^^^^^^^^^^^^^
2026-09-27T18:28:26.5244903Z   File "/opt/hostedtoolcache/Python/3.12.14/x64/lib/python3.12/site-packages/django/views/decorators/http.py", line 64, in inner
2026-09-27T18:28:26.5245650Z     return func(request, *args, **kwargs)
2026-09-27T18:28:26.5246009Z            ^^^^^^^^^^^^^^^^^^^^^^^^^^^^^^
2026-09-27T18:28:26.5247268Z   File "/home/runner/work/1/1/СИСТЕМА_MVP/backend/rotations/views.py", line 654, in timekeeper_employee_watch_profile_create_view
2026-09-27T18:28:26.5247995Z     create_employee_watch_profile_change_draft(
2026-09-27T18:28:26.5248746Z   File "/opt/hostedtoolcache/Python/3.12.14/x64/lib/python3.12/unittest/mock.py", line 1139, in __call__
2026-09-27T18:28:26.5249391Z     return self._mock_call(*args, **kwargs)
2026-09-27T18:28:26.5249738Z            ^^^^^^^^^^^^^^^^^^^^^^^^^^^^^^^^
2026-09-27T18:28:26.5250150Z   File "/opt/hostedtoolcache/Python/3.12.14/x64/lib/python3.12/unittest/mock.py", line 1143, in _mock_call
2026-09-27T18:28:26.5250980Z     return self._execute_mock_call(*args, **kwargs)
2026-09-27T18:28:26.5251248Z            ^^^^^^^^^^^^^^^^^^^^^^^^^^^^^^^^^^^^^^^^
2026-09-27T18:28:26.5251861Z   File "/opt/hostedtoolcache/Python/3.12.14/x64/lib/python3.12/unittest/mock.py", line 1198, in _execute_mock_call
2026-09-27T18:28:26.5252273Z     raise effect
2026-09-27T18:28:26.5252474Z RuntimeError: programming failure
2026-09-27T18:28:50.5990390Z .......................................................................Forbidden (CSRF cookie not set.): /clerk/arrival-roster-routing/111/create-cohort/
2026-09-27T18:28:51.3299393Z .....Internal Server Error: /clerk/arrival-roster-routing/116/create-cohort/
2026-09-27T18:28:51.3299831Z Traceback (most recent call last):
2026-09-27T18:28:51.3302412Z   File "/opt/hostedtoolcache/Python/3.12.14/x64/lib/python3.12/site-packages/django/core/handlers/exception.py", line 55, in inner
2026-09-27T18:28:51.3303125Z     response = get_response(request)
2026-09-27T18:28:51.3303444Z                ^^^^^^^^^^^^^^^^^^^^^
2026-09-27T18:28:51.3304158Z   File "/opt/hostedtoolcache/Python/3.12.14/x64/lib/python3.12/site-packages/django/core/handlers/base.py", line 198, in _get_response
2026-09-27T18:28:51.3304943Z     response = wrapped_callback(request, *callback_args, **callback_kwargs)
2026-09-27T18:28:51.3305388Z                ^^^^^^^^^^^^^^^^^^^^^^^^^^^^^^^^^^^^^^^^^^^^^^^^^^^^^^^^^^^^
2026-09-27T18:28:51.3306091Z   File "/opt/hostedtoolcache/Python/3.12.14/x64/lib/python3.12/site-packages/django/views/decorators/http.py", line 64, in inner
2026-09-27T18:28:51.3306755Z     return func(request, *args, **kwargs)
2026-09-27T18:28:51.3307085Z            ^^^^^^^^^^^^^^^^^^^^^^^^^^^^^^
2026-09-27T18:28:51.3308213Z   File "/home/runner/work/1/1/СИСТЕМА_MVP/backend/settlement/views.py", line 337, in settlement_arrival_roster_create_cohort_view
2026-09-27T18:28:51.3308942Z     create_approved_arrival_roster_cohort(
2026-09-27T18:28:51.3309704Z   File "/opt/hostedtoolcache/Python/3.12.14/x64/lib/python3.12/unittest/mock.py", line 1139, in __call__
2026-09-27T18:28:51.3310129Z     return self._mock_call(*args, **kwargs)
2026-09-27T18:28:51.3310365Z            ^^^^^^^^^^^^^^^^^^^^^^^^^^^^^^^^
2026-09-27T18:28:51.3310761Z   File "/opt/hostedtoolcache/Python/3.12.14/x64/lib/python3.12/unittest/mock.py", line 1143, in _mock_call
2026-09-27T18:28:51.3311184Z     return self._execute_mock_call(*args, **kwargs)
2026-09-27T18:28:51.3311650Z            ^^^^^^^^^^^^^^^^^^^^^^^^^^^^^^^^^^^^^^^^
2026-09-27T18:28:51.3312074Z   File "/opt/hostedtoolcache/Python/3.12.14/x64/lib/python3.12/unittest/mock.py", line 1198, in _execute_mock_call
2026-09-27T18:28:51.3312485Z     raise effect
2026-09-27T18:28:51.3312686Z RuntimeError: programming defect
2026-09-27T18:28:52.2442094Z ..Forbidden (CSRF cookie not set.): /clerk/arrival-roster-cohorts/37/create-preview/
2026-09-27T18:28:52.6305998Z .Internal Server Error: /clerk/arrival-roster-cohorts/38/create-preview/
2026-09-27T18:28:52.6306430Z Traceback (most recent call last):
2026-09-27T18:28:52.6307027Z   File "/opt/hostedtoolcache/Python/3.12.14/x64/lib/python3.12/site-packages/django/core/handlers/exception.py", line 55, in inner
2026-09-27T18:28:52.6307513Z     response = get_response(request)
2026-09-27T18:28:52.6307746Z                ^^^^^^^^^^^^^^^^^^^^^
2026-09-27T18:28:52.6308409Z   File "/opt/hostedtoolcache/Python/3.12.14/x64/lib/python3.12/site-packages/django/core/handlers/base.py", line 198, in _get_response
2026-09-27T18:28:52.6309163Z     response = wrapped_callback(request, *callback_args, **callback_kwargs)
2026-09-27T18:28:52.6309502Z                ^^^^^^^^^^^^^^^^^^^^^^^^^^^^^^^^^^^^^^^^^^^^^^^^^^^^^^^^^^^^
2026-09-27T18:28:52.6310017Z   File "/opt/hostedtoolcache/Python/3.12.14/x64/lib/python3.12/site-packages/django/views/decorators/http.py", line 64, in inner
2026-09-27T18:28:52.6310458Z     return func(request, *args, **kwargs)
2026-09-27T18:28:52.6310682Z            ^^^^^^^^^^^^^^^^^^^^^^^^^^^^^^
2026-09-27T18:28:52.6312141Z   File "/home/runner/work/1/1/СИСТЕМА_MVP/backend/settlement/views.py", line 366, in settlement_arrival_roster_create_preview_view
2026-09-27T18:28:52.6312943Z     create_settlement_preview_run(
2026-09-27T18:28:52.6313584Z   File "/opt/hostedtoolcache/Python/3.12.14/x64/lib/python3.12/unittest/mock.py", line 1139, in __call__
2026-09-27T18:28:52.6314224Z     return self._mock_call(*args, **kwargs)
2026-09-27T18:28:52.6314614Z            ^^^^^^^^^^^^^^^^^^^^^^^^^^^^^^^^
2026-09-27T18:28:52.6315208Z   File "/opt/hostedtoolcache/Python/3.12.14/x64/lib/python3.12/unittest/mock.py", line 1143, in _mock_call
2026-09-27T18:28:52.6315816Z     return self._execute_mock_call(*args, **kwargs)
2026-09-27T18:28:52.6316199Z            ^^^^^^^^^^^^^^^^^^^^^^^^^^^^^^^^^^^^^^^^
2026-09-27T18:28:52.6316860Z   File "/opt/hostedtoolcache/Python/3.12.14/x64/lib/python3.12/unittest/mock.py", line 1198, in _execute_mock_call
2026-09-27T18:28:52.6317468Z     raise effect
2026-09-27T18:28:52.6317742Z RuntimeError: programming defect
2026-09-27T18:29:03.8577916Z ................................................................Forbidden (CSRF cookie not set.): /clerk/settlement/auto/preview/create/
2026-09-27T18:29:03.8636142Z Forbidden (CSRF cookie not set.): /clerk/settlement/auto/preview/confirm/
2026-09-27T18:29:03.8691017Z Forbidden (CSRF cookie not set.): /clerk/settlement/auto/preview/move/
2026-09-27T18:29:03.8746828Z Forbidden (CSRF cookie not set.): /clerk/settlement/auto/preview/exclude/
2026-09-27T18:29:03.8800960Z Forbidden (CSRF cookie not set.): /clerk/settlement/auto/preview/restore/
2026-09-27T18:29:03.8853514Z Forbidden (CSRF cookie not set.): /clerk/settlement/auto/preview/apply/
2026-09-27T18:29:03.8907961Z Forbidden (CSRF cookie not set.): /clerk/settlement/auto/preview/apply/night/
2026-09-27T18:29:03.8960232Z Forbidden (CSRF cookie not set.): /clerk/settlement/auto/preview/apply/day/
2026-09-27T18:29:04.0192975Z .....Forbidden (CSRF cookie not set.): /clerk/settlement/control/acquire/
2026-09-27T18:30:35.6767464Z ................................................................................................................................................................................................................................................................................................................................................................................Forbidden (CSRF cookie not set.): /clerk/settlement/occupancies/
2026-09-27T18:30:50.1947409Z ...........................................................................................................................................................Internal Server Error: /excavator/shift/
2026-09-27T18:30:50.1947959Z Traceback (most recent call last):
2026-09-27T18:30:50.1948555Z   File "/opt/hostedtoolcache/Python/3.12.14/x64/lib/python3.12/site-packages/django/core/handlers/exception.py", line 55, in inner
2026-09-27T18:30:50.1949060Z     response = get_response(request)
2026-09-27T18:30:50.1949319Z                ^^^^^^^^^^^^^^^^^^^^^
2026-09-27T18:30:50.1951985Z   File "/opt/hostedtoolcache/Python/3.12.14/x64/lib/python3.12/site-packages/django/core/handlers/base.py", line 198, in _get_response
2026-09-27T18:30:50.1952556Z     response = wrapped_callback(request, *callback_args, **callback_kwargs)
2026-09-27T18:30:50.1952905Z                ^^^^^^^^^^^^^^^^^^^^^^^^^^^^^^^^^^^^^^^^^^^^^^^^^^^^^^^^^^^^
2026-09-27T18:30:50.1953391Z   File "/opt/hostedtoolcache/Python/3.12.14/x64/lib/python3.12/site-packages/django/views/decorators/http.py", line 64, in inner
2026-09-27T18:30:50.1953836Z     return func(request, *args, **kwargs)
2026-09-27T18:30:50.1954052Z            ^^^^^^^^^^^^^^^^^^^^^^^^^^^^^^
2026-09-27T18:30:50.1954409Z   File "/opt/hostedtoolcache/Python/3.12.14/x64/lib/python3.12/contextlib.py", line 81, in inner
2026-09-27T18:30:50.1954772Z     return func(*args, **kwds)
2026-09-27T18:30:50.1954970Z            ^^^^^^^^^^^^^^^^^^^
2026-09-27T18:30:50.1955651Z   File "/home/runner/work/1/1/СИСТЕМА_MVP/backend/trips/views.py", line 4955, in excavator_shift_action_view
2026-09-27T18:30:50.1956361Z     response_payload = open_excavator_shift(
2026-09-27T18:30:50.1956597Z                        ^^^^^^^^^^^^^^^^^^^^^
2026-09-27T18:30:50.1957044Z   File "/home/runner/work/1/1/СИСТЕМА_MVP/backend/shifts/services.py", line 1966, in open_excavator_shift
2026-09-27T18:30:50.1957413Z     return _open_excavator_shift_atomic(
2026-09-27T18:30:50.1957627Z            ^^^^^^^^^^^^^^^^^^^^^^^^^^^^^
2026-09-27T18:30:50.1957971Z   File "/opt/hostedtoolcache/Python/3.12.14/x64/lib/python3.12/contextlib.py", line 81, in inner
2026-09-27T18:30:50.1958317Z     return func(*args, **kwds)
2026-09-27T18:30:50.1958508Z            ^^^^^^^^^^^^^^^^^^^
2026-09-27T18:30:50.1958946Z   File "/home/runner/work/1/1/СИСТЕМА_MVP/backend/shifts/services.py", line 1933, in _open_excavator_shift_atomic
2026-09-27T18:30:50.1959365Z     client_action = ShiftClientAction.objects.create(
2026-09-27T18:30:50.1959621Z                     ^^^^^^^^^^^^^^^^^^^^^^^^^^^^^^^^^
2026-09-27T18:30:50.1960148Z   File "/opt/hostedtoolcache/Python/3.12.14/x64/lib/python3.12/unittest/mock.py", line 1139, in __call__
2026-09-27T18:30:50.1960537Z     return self._mock_call(*args, **kwargs)
2026-09-27T18:30:50.1960757Z            ^^^^^^^^^^^^^^^^^^^^^^^^^^^^^^^^
2026-09-27T18:30:50.1961389Z   File "/opt/hostedtoolcache/Python/3.12.14/x64/lib/python3.12/unittest/mock.py", line 1143, in _mock_call
2026-09-27T18:30:50.1961976Z     return self._execute_mock_call(*args, **kwargs)
2026-09-27T18:30:50.1962227Z            ^^^^^^^^^^^^^^^^^^^^^^^^^^^^^^^^^^^^^^^^
2026-09-27T18:30:50.1962738Z   File "/opt/hostedtoolcache/Python/3.12.14/x64/lib/python3.12/unittest/mock.py", line 1198, in _execute_mock_call
2026-09-27T18:30:50.1963139Z     raise effect
2026-09-27T18:30:50.1963398Z django.db.utils.IntegrityError: simulated unrelated database failure
2026-09-27T18:32:18.1949932Z ..................................................................................................................................................................................................................................................................................................................................................................................................................................................Internal Server Error: /excavator/truck-loaded/
2026-09-27T18:32:18.1950869Z Traceback (most recent call last):
2026-09-27T18:32:18.1951587Z   File "/opt/hostedtoolcache/Python/3.12.14/x64/lib/python3.12/site-packages/django/core/handlers/exception.py", line 55, in inner
2026-09-27T18:32:18.1952101Z     response = get_response(request)
2026-09-27T18:32:18.1952339Z                ^^^^^^^^^^^^^^^^^^^^^
2026-09-27T18:32:18.1952835Z   File "/opt/hostedtoolcache/Python/3.12.14/x64/lib/python3.12/site-packages/django/core/handlers/base.py", line 198, in _get_response
2026-09-27T18:32:18.1953403Z     response = wrapped_callback(request, *callback_args, **callback_kwargs)
2026-09-27T18:32:18.1953750Z                ^^^^^^^^^^^^^^^^^^^^^^^^^^^^^^^^^^^^^^^^^^^^^^^^^^^^^^^^^^^^
2026-09-27T18:32:18.1954235Z   File "/opt/hostedtoolcache/Python/3.12.14/x64/lib/python3.12/site-packages/django/views/decorators/http.py", line 64, in inner
2026-09-27T18:32:18.1954678Z     return func(request, *args, **kwargs)
2026-09-27T18:32:18.1954901Z            ^^^^^^^^^^^^^^^^^^^^^^^^^^^^^^
2026-09-27T18:32:18.1955627Z   File "/home/runner/work/1/1/СИСТЕМА_MVP/backend/trips/views.py", line 4433, in excavator_truck_loaded_view
2026-09-27T18:32:18.1956059Z     trip = create_loaded_waiting_unload_trip(
2026-09-27T18:32:18.1956368Z            ^^^^^^^^^^^^^^^^^^^^^^^^^^^^^^^^^^
2026-09-27T18:32:18.1956925Z   File "/opt/hostedtoolcache/Python/3.12.14/x64/lib/python3.12/contextlib.py", line 81, in inner
2026-09-27T18:32:18.1957482Z     return func(*args, **kwds)
2026-09-27T18:32:18.1957793Z            ^^^^^^^^^^^^^^^^^^^
2026-09-27T18:32:18.1958415Z   File "/home/runner/work/1/1/СИСТЕМА_MVP/backend/trips/trip_creation.py", line 197, in create_loaded_waiting_unload_trip
2026-09-27T18:32:18.1961501Z     resolve_haul_handoffs_for_trip(trip)
2026-09-27T18:32:18.1962311Z   File "/home/runner/work/1/1/СИСТЕМА_MVP/backend/assignments/services.py", line 1485, in resolve_haul_handoffs_for_trip
2026-09-27T18:32:18.1962930Z     _emit_assignment_changed(
2026-09-27T18:32:18.1963509Z   File "/opt/hostedtoolcache/Python/3.12.14/x64/lib/python3.12/unittest/mock.py", line 1139, in __call__
2026-09-27T18:32:18.1964076Z     return self._mock_call(*args, **kwargs)
2026-09-27T18:32:18.1964383Z            ^^^^^^^^^^^^^^^^^^^^^^^^^^^^^^^^
2026-09-27T18:32:18.1964971Z   File "/opt/hostedtoolcache/Python/3.12.14/x64/lib/python3.12/unittest/mock.py", line 1143, in _mock_call
2026-09-27T18:32:18.1965555Z     return self._execute_mock_call(*args, **kwargs)
2026-09-27T18:32:18.1965902Z            ^^^^^^^^^^^^^^^^^^^^^^^^^^^^^^^^^^^^^^^^
2026-09-27T18:32:18.1966482Z   File "/opt/hostedtoolcache/Python/3.12.14/x64/lib/python3.12/unittest/mock.py", line 1198, in _execute_mock_call
2026-09-27T18:32:18.1967107Z     raise effect
2026-09-27T18:32:18.1967400Z RuntimeError: forced rollback
2026-09-27T18:33:10.1978918Z .............................................................................................................................................................................................................................................................................................................................................................................Forbidden (CSRF token missing.): /
2026-09-27T18:33:10.2352832Z Forbidden (CSRF token missing.): /
2026-09-27T18:33:51.6146864Z .....................................................................................................................................................................................................................................Android update manifest is unavailable for driver
2026-09-27T18:33:51.6147796Z Traceback (most recent call last):
2026-09-27T18:33:51.6148905Z   File "/home/runner/work/1/1/СИСТЕМА_MVP/backend/users/start_views.py", line 157, in android_apk_for_role
2026-09-27T18:33:51.6149893Z     payload = json.loads(manifest_path.read_text(encoding='utf-8'))
2026-09-27T18:33:51.6150387Z                          ^^^^^^^^^^^^^^^^^^^^^^^^^^^^^^^^^^^^^^^^^
2026-09-27T18:33:51.6150972Z   File "/opt/hostedtoolcache/Python/3.12.14/x64/lib/python3.12/pathlib.py", line 1027, in read_text
2026-09-27T18:33:51.6151632Z     with self.open(mode='r', encoding=encoding, errors=errors) as f:
2026-09-27T18:33:51.6151945Z          ^^^^^^^^^^^^^^^^^^^^^^^^^^^^^^^^^^^^^^^^^^^^^^^^^^^^^
2026-09-27T18:33:51.6152362Z   File "/opt/hostedtoolcache/Python/3.12.14/x64/lib/python3.12/pathlib.py", line 1013, in open
2026-09-27T18:33:51.6152788Z     return io.open(self, mode, buffering, encoding, errors, newline)
2026-09-27T18:33:51.6153095Z            ^^^^^^^^^^^^^^^^^^^^^^^^^^^^^^^^^^^^^^^^^^^^^^^^^^^^^^^^^
2026-09-27T18:33:51.6153478Z FileNotFoundError: [Errno 2] No such file or directory: '/tmp/tmp33zyfyl6/apk/driver-update.json'
2026-09-27T18:33:51.6466535Z .Android update manifest is invalid for driver
2026-09-27T18:33:51.6769919Z .Android update manifest is invalid for excavator_operator
2026-09-27T18:33:51.7853814Z ....Universal start result cache write failed
2026-09-27T18:33:51.7854290Z Traceback (most recent call last):
2026-09-27T18:33:51.7855161Z   File "/home/runner/work/1/1/СИСТЕМА_MVP/backend/users/start_views.py", line 95, in _issue_start_result
2026-09-27T18:33:51.7855576Z     if cache.add(
2026-09-27T18:33:51.7855766Z        ^^^^^^^^^^
2026-09-27T18:33:51.7856140Z   File "/opt/hostedtoolcache/Python/3.12.14/x64/lib/python3.12/unittest/mock.py", line 1139, in __call__
2026-09-27T18:33:51.7856557Z     return self._mock_call(*args, **kwargs)
2026-09-27T18:33:51.7856794Z            ^^^^^^^^^^^^^^^^^^^^^^^^^^^^^^^^
2026-09-27T18:33:51.7857211Z   File "/opt/hostedtoolcache/Python/3.12.14/x64/lib/python3.12/unittest/mock.py", line 1143, in _mock_call
2026-09-27T18:33:51.7858074Z     return self._execute_mock_call(*args, **kwargs)
2026-09-27T18:33:51.7858351Z            ^^^^^^^^^^^^^^^^^^^^^^^^^^^^^^^^^^^^^^^^
2026-09-27T18:33:51.7858786Z   File "/opt/hostedtoolcache/Python/3.12.14/x64/lib/python3.12/unittest/mock.py", line 1198, in _execute_mock_call
2026-09-27T18:33:51.7859187Z     raise effect
2026-09-27T18:33:51.7859375Z RuntimeError: cache down
2026-09-27T18:33:51.9511658Z ......Android update manifest is unavailable for driver
2026-09-27T18:33:51.9512165Z Traceback (most recent call last):
2026-09-27T18:33:51.9513232Z   File "/home/runner/work/1/1/СИСТЕМА_MVP/backend/users/start_views.py", line 157, in android_apk_for_role
2026-09-27T18:33:51.9513945Z     payload = json.loads(manifest_path.read_text(encoding='utf-8'))
2026-09-27T18:33:51.9514405Z                          ^^^^^^^^^^^^^^^^^^^^^^^^^^^^^^^^^^^^^^^^^
2026-09-27T18:33:51.9515043Z   File "/opt/hostedtoolcache/Python/3.12.14/x64/lib/python3.12/pathlib.py", line 1027, in read_text
2026-09-27T18:33:51.9515740Z     with self.open(mode='r', encoding=encoding, errors=errors) as f:
2026-09-27T18:33:51.9516248Z          ^^^^^^^^^^^^^^^^^^^^^^^^^^^^^^^^^^^^^^^^^^^^^^^^^^^^^
2026-09-27T18:33:51.9516846Z   File "/opt/hostedtoolcache/Python/3.12.14/x64/lib/python3.12/pathlib.py", line 1013, in open
2026-09-27T18:33:51.9517461Z     return io.open(self, mode, buffering, encoding, errors, newline)
2026-09-27T18:33:51.9517900Z            ^^^^^^^^^^^^^^^^^^^^^^^^^^^^^^^^^^^^^^^^^^^^^^^^^^^^^^^^^
2026-09-27T18:33:51.9518486Z FileNotFoundError: [Errno 2] No such file or directory: '/tmp/tmpzcf2fqun/apk/driver-update.json'
2026-09-27T18:33:51.9591027Z Android update manifest is unavailable for driver
2026-09-27T18:33:51.9591642Z Traceback (most recent call last):
2026-09-27T18:33:51.9592618Z   File "/home/runner/work/1/1/СИСТЕМА_MVP/backend/users/start_views.py", line 157, in android_apk_for_role
2026-09-27T18:33:51.9593340Z     payload = json.loads(manifest_path.read_text(encoding='utf-8'))
2026-09-27T18:33:51.9593814Z                          ^^^^^^^^^^^^^^^^^^^^^^^^^^^^^^^^^^^^^^^^^
2026-09-27T18:33:51.9594898Z   File "/opt/hostedtoolcache/Python/3.12.14/x64/lib/python3.12/pathlib.py", line 1027, in read_text
2026-09-27T18:33:51.9595603Z     with self.open(mode='r', encoding=encoding, errors=errors) as f:
2026-09-27T18:33:51.9596059Z          ^^^^^^^^^^^^^^^^^^^^^^^^^^^^^^^^^^^^^^^^^^^^^^^^^^^^^
2026-09-27T18:33:51.9596642Z   File "/opt/hostedtoolcache/Python/3.12.14/x64/lib/python3.12/pathlib.py", line 1013, in open
2026-09-27T18:33:51.9597302Z     return io.open(self, mode, buffering, encoding, errors, newline)
2026-09-27T18:33:51.9597767Z            ^^^^^^^^^^^^^^^^^^^^^^^^^^^^^^^^^^^^^^^^^^^^^^^^^^^^^^^^^
2026-09-27T18:33:51.9598373Z FileNotFoundError: [Errno 2] No such file or directory: '/tmp/tmpzcf2fqun/apk/driver-update.json'
2026-09-27T18:33:52.1484539Z .......Forbidden (Origin checking failed - null does not match any trusted origins.): /start/
2026-09-27T18:35:22.6548088Z ..................offline_sync: accepted despite discrepancy (Погрузка экскаватором/open_trip_changed) employee=1 role=1 — Машинист грузит самосвал Самосвал 21, но открытый рейс #1 на сервере не совпал с ожидаемым (#—). Погрузка принята, старый рейс закрыт как непроконтролированный (uncontrolled), засчитан тому, кто грузил.
2026-09-27T18:36:10.2608838Z ......................................................Не удалось обновить снимок рейтинга группы rating-assignment-group-tests/16/29/1/day.
2026-09-27T18:36:10.2609338Z Traceback (most recent call last):
2026-09-27T18:36:10.2610449Z   File "/home/runner/work/1/1/СИСТЕМА_MVP/backend/reports/driver_rating_materialization.py", line 1117, in refresh_driver_rating_assignment_group
2026-09-27T18:36:10.2611147Z     raise DriverRatingMaterializationError(
2026-09-27T18:36:10.2611878Z reports.driver_rating_materialization.DriverRatingMaterializationError: Исторический состав опубликованного снимка не прошёл проверку целостности.
2026-09-27T18:36:17.5558446Z ..........................................Не удалось обновить общий снимок рейтинга rating-materialization-tests/23/23/day.
2026-09-27T18:36:17.5559378Z Traceback (most recent call last):
2026-09-27T18:36:17.5560369Z   File "/home/runner/work/1/1/СИСТЕМА_MVP/backend/reports/driver_rating_materialization.py", line 851, in refresh_driver_rating_group
2026-09-27T18:36:17.5561132Z     rating = build_driver_rating_period(
2026-09-27T18:36:17.5561607Z              ^^^^^^^^^^^^^^^^^^^^^^^^^^^
2026-09-27T18:36:17.5562213Z   File "/opt/hostedtoolcache/Python/3.12.14/x64/lib/python3.12/unittest/mock.py", line 1139, in __call__
2026-09-27T18:36:17.5562848Z     return self._mock_call(*args, **kwargs)
2026-09-27T18:36:17.5563181Z            ^^^^^^^^^^^^^^^^^^^^^^^^^^^^^^^^
2026-09-27T18:36:17.5563664Z   File "/opt/hostedtoolcache/Python/3.12.14/x64/lib/python3.12/unittest/mock.py", line 1143, in _mock_call
2026-09-27T18:36:17.5564075Z     return self._execute_mock_call(*args, **kwargs)
2026-09-27T18:36:17.5564317Z            ^^^^^^^^^^^^^^^^^^^^^^^^^^^^^^^^^^^^^^^^
2026-09-27T18:36:17.5564736Z   File "/opt/hostedtoolcache/Python/3.12.14/x64/lib/python3.12/unittest/mock.py", line 1198, in _execute_mock_call
2026-09-27T18:36:17.5565143Z     raise effect
2026-09-27T18:36:17.5565377Z RuntimeError: synthetic changed scope failure
2026-09-27T18:36:18.6854098Z .Не удалось обновить общий снимок рейтинга rating-materialization-tests/24/24/day.
2026-09-27T18:36:18.6854485Z Traceback (most recent call last):
2026-09-27T18:36:18.6855157Z   File "/home/runner/work/1/1/СИСТЕМА_MVP/backend/reports/driver_rating_materialization.py", line 851, in refresh_driver_rating_group
2026-09-27T18:36:18.6855663Z     rating = build_driver_rating_period(
2026-09-27T18:36:18.6855902Z              ^^^^^^^^^^^^^^^^^^^^^^^^^^^
2026-09-27T18:36:18.6858489Z   File "/opt/hostedtoolcache/Python/3.12.14/x64/lib/python3.12/unittest/mock.py", line 1139, in __call__
2026-09-27T18:36:18.6859102Z     return self._mock_call(*args, **kwargs)
2026-09-27T18:36:18.6859439Z            ^^^^^^^^^^^^^^^^^^^^^^^^^^^^^^^^
2026-09-27T18:36:18.6860136Z   File "/opt/hostedtoolcache/Python/3.12.14/x64/lib/python3.12/unittest/mock.py", line 1143, in _mock_call
2026-09-27T18:36:18.6861084Z     return self._execute_mock_call(*args, **kwargs)
2026-09-27T18:36:18.6861660Z            ^^^^^^^^^^^^^^^^^^^^^^^^^^^^^^^^^^^^^^^^
2026-09-27T18:36:18.6862313Z   File "/opt/hostedtoolcache/Python/3.12.14/x64/lib/python3.12/unittest/mock.py", line 1198, in _execute_mock_call
2026-09-27T18:36:18.6862955Z     raise effect
2026-09-27T18:36:18.6863254Z RuntimeError: synthetic refresh failure
2026-09-27T18:37:10.2285816Z ........s..........................................Service Unavailable: /reports/rating/driver-period-ranking/
2026-09-27T19:07:10.6091422Z .............................................................................................................................................................................................................................................................
2026-09-27T19:07:10.6092340Z ----------------------------------------------------------------------
2026-09-27T19:07:10.6092674Z Ran 3040 tests in 2466.167s
2026-09-27T19:07:10.6092814Z 
2026-09-27T19:07:10.6092928Z OK (skipped=1)
2026-09-27T19:07:10.6093148Z Destroying test database for alias 'default'...
2026-09-27T19:07:11.6837407Z Состояния техники: 18
2026-09-27T19:07:11.6837682Z Самосвалы: 53
2026-09-27T19:07:11.6837937Z Экскаваторы: 8
2026-09-27T19:07:11.6838217Z Точки разгрузки: 6
2026-09-27T19:07:11.6838486Z Плотности/коэффициенты пород: 18
2026-09-27T19:07:11.6838716Z Правила кубатуры: 12
2026-09-27T19:07:11.6838926Z Причины простоев самосвалов: 5
2026-09-27T19:07:11.6839158Z Стартовые секции общежитий: 4
2026-09-27T19:07:11.6839384Z Стартовые справочники загружены.
2026-09-27T19:07:11.6839603Z Состояния техники: 18
2026-09-27T19:07:11.6839794Z Самосвалы: 53
2026-09-27T19:07:11.6839974Z Экскаваторы: 8
2026-09-27T19:07:11.6840165Z Точки разгрузки: 6
2026-09-27T19:07:11.6840591Z {"category_preserved": 0, "created": 0, "mode": "commit", "skip_reasons": {}, "skipped": 0, "source_rows": 1, "unchanged": 0, "updated": 1}
2026-09-27T19:07:11.6841776Z {"category_preserved": 0, "created": 0, "mode": "commit", "skip_reasons": {}, "skipped": 0, "source_rows": 1, "unchanged": 0, "updated": 1}
2026-09-27T19:07:11.6842390Z {"category_preserved": 0, "created": 0, "mode": "commit", "skip_reasons": {}, "skipped": 0, "source_rows": 1, "unchanged": 0, "updated": 1}
2026-09-27T19:07:11.6842971Z {"category_preserved": 0, "created": 1, "mode": "commit", "skip_reasons": {}, "skipped": 0, "source_rows": 1, "unchanged": 0, "updated": 0}
2026-09-27T19:07:11.6843470Z {"created": 1, "eligible": 1, "mode": "commit", "skipped_existing": 0, "would_create": 0}
2026-09-27T19:07:11.6843901Z {"created": 0, "eligible": 1, "mode": "dry-run", "skipped_existing": 0, "would_create": 1}
2026-09-27T19:07:11.6844434Z {"category_preserved": 0, "created": 0, "mode": "commit", "skip_reasons": {}, "skipped": 0, "source_rows": 1, "unchanged": 0, "updated": 1}
2026-09-27T19:07:11.6844886Z Роли созданы/обновлены: 13
2026-09-27T19:07:11.6845845Z Демо-доступы созданы: 100000, 200000, 300000, 400000, 500000, 600000, 700000, 800000, 900000, 910000, 920000
2026-09-27T19:07:11.6846229Z Готово.
2026-09-27T19:07:11.6846426Z Демо-сценарий MVP подготовлен.
2026-09-27T19:07:11.6846877Z Коды доступа: 100000 админ, 200000 водитель, 300000 машинист, 400000 горный мастер, 500000 диспетчер, 600000 руководство, 700000 механик.
2026-09-27T19:07:11.6847335Z Активный рейс: Самосвал 10 -> ККД демо (Первичная сульфидная руда)
2026-09-27T19:07:11.6847614Z Роли созданы/обновлены: 13
2026-09-27T19:07:11.6847984Z Демо-доступы созданы: 100000, 200000, 300000, 400000, 500000, 600000, 700000, 800000, 900000, 910000, 920000
2026-09-27T19:07:11.6848325Z Готово.
2026-09-27T19:07:11.6848513Z Демо-сценарий MVP подготовлен.
2026-09-27T19:07:11.6848931Z Коды доступа: 100000 админ, 200000 водитель, 300000 машинист, 400000 горный мастер, 500000 диспетчер, 600000 руководство, 700000 механик.
2026-09-27T19:07:11.6849361Z Активный рейс: Самосвал 10 -> ККД демо (Первичная сульфидная руда)
2026-09-27T19:07:11.6849714Z На текущую производственную дату активный период рейтинга не задан.
2026-09-27T19:07:12.5919741Z ##[group]Run if ! python -c "import coverage; assert coverage.__version__ == '7.16.1'" \
2026-09-27T19:07:12.5920264Z [36;1mif ! python -c "import coverage; assert coverage.__version__ == '7.16.1'" \[0m
2026-09-27T19:07:12.5920626Z [36;1m  >/dev/null 2>&1 || [[ ! -f .coverage ]]; then[0m
2026-09-27T19:07:12.5920888Z [36;1m  printf '%s\n' \[0m
2026-09-27T19:07:12.5921136Z [36;1m    '## Python coverage — REPORT NOT PRODUCED' \[0m
2026-09-27T19:07:12.5922086Z [36;1m    '' \[0m
2026-09-27T19:07:12.5935079Z [36;1m    "- SHA: \`$TARGET_SHA\`" \[0m
2026-09-27T19:07:12.5935419Z [36;1m    '- Coverage is report-only and has no fail-under threshold.' \[0m
2026-09-27T19:07:12.5935770Z [36;1m    >> "$GITHUB_STEP_SUMMARY"[0m
2026-09-27T19:07:12.5935989Z [36;1m  exit 0[0m
2026-09-27T19:07:12.5936162Z [36;1mfi[0m
2026-09-27T19:07:12.5936325Z [36;1m[0m
2026-09-27T19:07:12.5936796Z [36;1mpython -m coverage json --rcfile=.coveragerc -o artifacts/coverage.json[0m
2026-09-27T19:07:12.5937251Z [36;1mpython -m coverage xml --rcfile=.coveragerc -o artifacts/coverage.xml[0m
2026-09-27T19:07:12.5937608Z [36;1mpython -m coverage report --rcfile=.coveragerc \[0m
2026-09-27T19:07:12.5937882Z [36;1m  | tee artifacts/coverage.txt[0m
2026-09-27T19:07:12.5938109Z [36;1mpython - <<'PY'[0m
2026-09-27T19:07:12.5938308Z [36;1mimport json[0m
2026-09-27T19:07:12.5938486Z [36;1mimport os[0m
2026-09-27T19:07:12.5938676Z [36;1mfrom pathlib import Path[0m
2026-09-27T19:07:12.5938883Z [36;1m[0m
2026-09-27T19:07:12.5939081Z [36;1msource = Path("artifacts/coverage.json")[0m
2026-09-27T19:07:12.5939385Z [36;1mpayload = json.loads(source.read_text(encoding="utf-8"))[0m
2026-09-27T19:07:12.5939680Z [36;1mtotals = payload.get("totals")[0m
2026-09-27T19:07:12.5939908Z [36;1mmeta = payload.get("meta")[0m
2026-09-27T19:07:12.5940133Z [36;1mfiles = payload.get("files")[0m
2026-09-27T19:07:12.5940507Z [36;1mif not isinstance(totals, dict) or not isinstance(meta, dict) or not isinstance(files, dict):[0m
2026-09-27T19:07:12.5940953Z [36;1m    raise SystemExit("coverage JSON has an unexpected schema")[0m
2026-09-27T19:07:12.5941378Z [36;1mif meta.get("branch_coverage") is not True:[0m
2026-09-27T19:07:12.5941859Z [36;1m    raise SystemExit("coverage JSON does not contain branch coverage")[0m
2026-09-27T19:07:12.5942159Z [36;1m[0m
2026-09-27T19:07:12.5942314Z [36;1msummary = {[0m
2026-09-27T19:07:12.5942492Z [36;1m    "schema": 1,[0m
2026-09-27T19:07:12.5942694Z [36;1m    "mode": "report-only",[0m
2026-09-27T19:07:12.5942930Z [36;1m    "target_sha": os.environ["TARGET_SHA"],[0m
2026-09-27T19:07:12.5943195Z [36;1m    "coverage_version": meta.get("version"),[0m
2026-09-27T19:07:12.5943435Z [36;1m    "branch_coverage": True,[0m
2026-09-27T19:07:12.5943661Z [36;1m    "measured_files": len(files),[0m
2026-09-27T19:07:12.5943890Z [36;1m    "totals": totals,[0m
2026-09-27T19:07:12.5944096Z [36;1m}[0m
2026-09-27T19:07:12.5944322Z [36;1mPath("artifacts/coverage-summary.json").write_text([0m
2026-09-27T19:07:12.5944656Z [36;1m    json.dumps(summary, ensure_ascii=False, indent=2) + "\n",[0m
2026-09-27T19:07:12.5944941Z [36;1m    encoding="utf-8",[0m
2026-09-27T19:07:12.5945137Z [36;1m)[0m
2026-09-27T19:07:12.5945294Z [36;1m[0m
2026-09-27T19:07:12.5945459Z [36;1mlines = [[0m
2026-09-27T19:07:12.5945682Z [36;1m    "## Python coverage baseline — REPORT ONLY",[0m
2026-09-27T19:07:12.5945931Z [36;1m    "",[0m
2026-09-27T19:07:12.5946157Z [36;1m    "Порог отсутствует; этот отчёт не блокирует merge и deploy.",[0m
2026-09-27T19:07:12.5946437Z [36;1m    "",[0m
2026-09-27T19:07:12.5946636Z [36;1m    f"- SHA: `{summary['target_sha']}`",[0m
2026-09-27T19:07:12.5946945Z [36;1m    f"- Coverage.py: `{summary['coverage_version']}`",[0m
2026-09-27T19:07:12.5947253Z [36;1m    f"- Measured files: `{summary['measured_files']}`",[0m
2026-09-27T19:07:12.5947663Z [36;1m    f"- Statements: `{totals.get('num_statements')}`; missing: `{totals.get('missing_lines')}`",[0m
2026-09-27T19:07:12.5948300Z [36;1m    f"- Branches: `{totals.get('num_branches')}`; missing: `{totals.get('missing_branches')}`",[0m
2026-09-27T19:07:12.5948724Z [36;1m    f"- Total coverage: `{totals.get('percent_covered_display')}%`",[0m
2026-09-27T19:07:12.5949016Z [36;1m    "",[0m
2026-09-27T19:07:12.5949187Z [36;1m][0m
2026-09-27T19:07:12.5949360Z [36;1mmarkdown = "\n".join(lines)[0m
2026-09-27T19:07:12.5949699Z [36;1mPath("artifacts/coverage-summary.md").write_text(markdown, encoding="utf-8")[0m
2026-09-27T19:07:12.5950158Z [36;1mwith Path(os.environ["GITHUB_STEP_SUMMARY"]).open("a", encoding="utf-8") as handle:[0m
2026-09-27T19:07:12.5950503Z [36;1m    handle.write(markdown)[0m
2026-09-27T19:07:12.5950715Z [36;1mPY[0m
2026-09-27T19:07:12.6006077Z shell: /usr/bin/bash --noprofile --norc -e -o pipefail {0}
2026-09-27T19:07:12.6006357Z env:
2026-09-27T19:07:12.6006580Z   QUALITY_TARGET_REF: 60e0d2900cf4dd15d6a4d0ef856fe8f68ac2d2a1
2026-09-27T19:07:12.6006976Z   DJANGO_SECRET_KEY: ci-secret-key
2026-09-27T19:07:12.6007195Z   DJANGO_DEBUG: True
2026-09-27T19:07:12.6007403Z   DJANGO_ALLOWED_HOSTS: localhost,127.0.0.1,.localhost
2026-09-27T19:07:12.6007653Z   DJANGO_DB_ENGINE: postgres
2026-09-27T19:07:12.6007855Z   POSTGRES_DB: accounting_mvp_ci
2026-09-27T19:07:12.6008062Z   POSTGRES_USER: postgres
2026-09-27T19:07:12.6008253Z   POSTGRES_PASSWORD: postgres
2026-09-27T19:07:12.6008449Z   POSTGRES_HOST: 127.0.0.1
2026-09-27T19:07:12.6008624Z   POSTGRES_PORT: 5432
2026-09-27T19:07:12.6008797Z   POSTGRES_CONN_MAX_AGE: 0
2026-09-27T19:07:12.6009028Z   pythonLocation: /opt/hostedtoolcache/Python/3.12.14/x64
2026-09-27T19:07:12.6009352Z   PKG_CONFIG_PATH: /opt/hostedtoolcache/Python/3.12.14/x64/lib/pkgconfig
2026-09-27T19:07:12.6009670Z   Python_ROOT_DIR: /opt/hostedtoolcache/Python/3.12.14/x64
2026-09-27T19:07:12.6009967Z   Python2_ROOT_DIR: /opt/hostedtoolcache/Python/3.12.14/x64
2026-09-27T19:07:12.6010263Z   Python3_ROOT_DIR: /opt/hostedtoolcache/Python/3.12.14/x64
2026-09-27T19:07:12.6010561Z   LD_LIBRARY_PATH: /opt/hostedtoolcache/Python/3.12.14/x64/lib
2026-09-27T19:07:12.6010856Z   TARGET_SHA: 60e0d2900cf4dd15d6a4d0ef856fe8f68ac2d2a1
2026-09-27T19:07:12.6011098Z ##[endgroup]
2026-09-27T19:07:17.0428863Z Wrote JSON report to artifacts/coverage.json
2026-09-27T19:07:21.8924803Z Wrote XML report to artifacts/coverage.xml
2026-09-27T19:07:25.6727413Z Name                                                             Stmts   Miss Branch BrPart   Cover   Missing
2026-09-27T19:07:25.6728090Z -------------------------------------------------------------------------------------------------------------
2026-09-27T19:07:25.6728714Z assignments/admin.py                                                51      1      0      0  98.04%   24
2026-09-27T19:07:25.6729170Z assignments/apps.py                                                  3      0      0      0 100.00%
2026-09-27T19:07:25.6729739Z assignments/command_guards.py                                       33      1      6      1  94.87%   37
2026-09-27T19:07:25.6730840Z assignments/deputy_views.py                                        479     57    146     29  85.28%   344, 413, 446-449, 498, 525, 536-537, 551, 553, 555, 557, 562, 576, 728, 742-743, 756, 758-760, 762-764, 966->968, 969->971, 972->974, 982-983, 994, 1133, 1136, 1158-1159, 1164-1165, 1228, 1287-1288, 1292-1295, 1318-1321, 1344-1347, 1367, 1375, 1386, 1416-1419
2026-09-27T19:07:25.6732283Z assignments/forms.py                                                12     12      0      0   0.00%   1-20
2026-09-27T19:07:25.6732731Z assignments/models.py                                              201      9     36      2  95.36%   50, 230, 233, 302, 386, 424, 515, 570, 615
2026-09-27T19:07:25.6734338Z assignments/services.py                                            799    107    308     63  83.92%   74, 94-95, 97, 99, 106->108, 110-111, 121-122, 166-171, 179-182, 190-199, 204, 206, 247, 252, 265, 284, 352, 356, 359, 364, 366, 379-384, 416-426, 445, 453, 456, 471-472, 484, 530-531, 555, 558, 590, 607, 633-639, 670, 723, 749, 792, 803, 936, 971, 973, 980, 982, 1002, 1009, 1083, 1099-1100, 1125, 1177, 1215-1216, 1285, 1326, 1362, 1365, 1383->1385, 1388, 1397, 1403, 1446, 1458, 1463, 1498, 1547, 1605-1606, 1644->1651, 1697, 1702, 1771-1772, 1795, 1806, 1869->1868, 1930, 1938->1943, 1941-1942, 1945-1946, 1969-1970
2026-09-27T19:07:25.6735594Z assignments/urls.py                                                  4      0      0      0 100.00%
2026-09-27T19:07:25.6736575Z assignments/views.py                                               384     73    124     32  77.36%   287, 400-405, 456-458, 462-464, 468-477, 498, 512->542, 534-535, 543-544, 546-547, 551->exit, 553-554, 567->570, 572, 576-577, 583, 594, 602, 609-610, 625, 630-631, 633, 639, 647, 650-652, 670-673, 779, 782, 791-792, 794, 806, 816, 821, 849->842, 851-852, 883, 886, 897-898, 927->920, 929-930, 957-958, 968-969, 988, 997, 1030, 1072
2026-09-27T19:07:25.6737652Z config/asgi.py                                                       4      4      0      0   0.00%   10-16
2026-09-27T19:07:25.6738067Z config/settings.py                                                 117     19     20      5  76.64%   28-33, 40-50, 162-167, 210, 264
2026-09-27T19:07:25.6738460Z config/urls.py                                                       8      1      2      1  80.00%   38
2026-09-27T19:07:25.6738808Z config/wsgi.py                                                       4      4      0      0   0.00%   10-16
2026-09-27T19:07:25.6739148Z core/admin.py                                                       22      0      0      0 100.00%
2026-09-27T19:07:25.6739479Z core/apps.py                                                         6      0      0      0 100.00%
2026-09-27T19:07:25.6739840Z core/checks.py                                                      37      8     10      3  76.60%   16, 21-22, 26-29, 50->61, 53
2026-09-27T19:07:25.6740221Z core/db_locks.py                                                    10      3      6      3  62.50%   7, 9, 11
2026-09-27T19:07:25.6740613Z core/dispatcher_push.py                                             48      4     16      1  92.19%   99, 101-103
2026-09-27T19:07:25.6741004Z core/dump_point_names.py                                             9      1      4      1  84.62%   27
2026-09-27T19:07:25.6741544Z core/equipment_numbers.py                                            5      0      0      0 100.00%
2026-09-27T19:07:25.6742090Z core/management/commands/check_excavator_qa_runtime.py              94     23     36     15  70.77%   34, 38, 42, 48, 50, 52, 54, 58, 60, 62, 76, 79-80, 89, 96, 110, 129-133, 137-138
2026-09-27T19:07:25.6742616Z core/models.py                                                     102      3      2      0  97.12%   19, 44, 129
2026-09-27T19:07:25.6744944Z core/offline_sync.py                                              1260    222    502    147  78.60%   80, 126, 132, 134, 142-143, 175, 183-184, 214, 216, 221, 223, 225->229, 239, 255->258, 296-297, 323, 332, 348, 386, 388, 419, 424, 427, 468, 491->493, 496, 498, 503, 519, 522-523, 543-549, 565-566, 567->572, 617, 625, 628-629, 631, 637, 640-641, 643, 656, 668, 673, 675, 678-679, 681, 685, 688, 692, 696, 711->717, 853, 855, 857, 859, 873, 882, 884, 952, 954, 1019-1029, 1039-1040, 1055, 1092, 1102, 1107, 1115->1118, 1119-1120, 1121->1123, 1138-1139, 1141, 1189, 1198, 1200, 1206-1212, 1218, 1239, 1241, 1243, 1259, 1275, 1279, 1298, 1301, 1314, 1320->1324, 1325, 1330, 1333-1334, 1339, 1355, 1389, 1399, 1451->1449, 1491, 1497, 1526-1527, 1583, 1636, 1655-1656, 1705, 1721, 1737-1738, 1769-1770, 1896, 1952, 1977, 1994, 1999, 2005, 2049-2050, 2066-2067, 2110-2112, 2159, 2189-2193, 2222, 2230, 2241, 2250, 2255, 2269, 2275, 2284, 2341, 2349, 2360, 2369, 2374, 2379, 2388, 2397, 2405, 2416, 2451, 2453, 2468, 2471, 2474, 2507, 2509, 2511, 2541, 2550, 2581, 2619->2631, 2632, 2634, 2636, 2638, 2646, 2661-2664, 2686, 2755, 2775-2805, 2853, 2858, 2863, 2909, 2911-2913, 2927, 3051-3055, 3083, 3107-3138, 3167-3171, 3180, 3183
2026-09-27T19:07:25.6747571Z core/operational_fragments.py                                       94      5     36      4  91.54%   29->31, 62->65, 73, 81-82, 103, 112
2026-09-27T19:07:25.6748050Z core/production_time.py                                             69      6     20      6  86.52%   35, 88, 98, 108, 114, 134
2026-09-27T19:07:25.6748463Z core/qa_environment.py                                              21      2      8      2  86.21%   24, 33
2026-09-27T19:07:25.6748905Z core/realtime.py                                                   131     10     60      9  90.05%   53-54, 89, 120->129, 177, 181, 185, 187, 223, 234, 266
2026-09-27T19:07:25.6749342Z core/signals.py                                                     88      1     38      2  97.62%   154, 204->exit
2026-09-27T19:07:25.6749732Z core/traffic_test_worker.py                                         21     17      2      0  17.39%   7-27
2026-09-27T19:07:25.6750213Z core/urls.py                                                         3      0      0      0 100.00%
2026-09-27T19:07:25.6750593Z core/views.py                                                      101      7     30      3  92.37%   33, 35, 85-86, 103, 117-118
2026-09-27T19:07:25.6750998Z downtimes/admin.py                                                  12      0      0      0 100.00%
2026-09-27T19:07:25.6751730Z downtimes/apps.py                                                    3      0      0      0 100.00%
2026-09-27T19:07:25.6752099Z downtimes/defaults.py                                               26      0     10      0 100.00%
2026-09-27T19:07:25.6752483Z downtimes/driver_workflow.py                                        87      1     32      1  98.32%   122
2026-09-27T19:07:25.6752863Z downtimes/forms.py                                                  12      1      4      1  87.50%   20
2026-09-27T19:07:25.6753240Z downtimes/models.py                                                 66      1      8      1  97.30%   37->39, 110
2026-09-27T19:07:25.6753616Z downtimes/urls.py                                                    3      0      0      0 100.00%
2026-09-27T19:07:25.6754033Z downtimes/views.py                                                  98     13     42     12  82.14%   37, 49, 51, 79, 96, 124, 126, 128, 142-143, 169, 171, 173
2026-09-27T19:07:25.6754454Z portal/apps.py                                                       5      0      0      0 100.00%
2026-09-27T19:07:25.6754823Z portal/auth.py                                                      88      5     24      4  91.96%   52-53, 63-64, 74->76, 93
2026-09-27T19:07:25.6755204Z portal/company_content.py                                            1      0      0      0 100.00%
2026-09-27T19:07:25.6755578Z portal/context_processors.py                                         9      0      2      0 100.00%
2026-09-27T19:07:25.6756065Z portal/forms.py                                                    101     11     24     10  81.60%   33, 102->105, 105->exit, 111, 113, 114->120, 119, 125-126, 145, 181->183, 194-197
2026-09-27T19:07:25.6756581Z portal/login_security.py                                            73      6     12      3  89.41%   34, 37-40, 62-63, 85
2026-09-27T19:07:25.6757030Z portal/management/commands/seed_portal_demo.py                      31     31      4      0   0.00%   1-128
2026-09-27T19:07:25.6757584Z portal/models.py                                                   258     17     26      7  90.85%   18-20, 25-26, 172, 174, 182, 193, 217, 280, 338, 340, 341->349, 373, 440, 475, 500
2026-09-27T19:07:25.6758160Z portal/services.py                                                 196     35     50     11  76.42%   92, 95, 98, 101, 127, 130, 167, 188, 210-217, 224, 250, 317, 344, 351-364, 383
2026-09-27T19:07:25.6758614Z portal/storage.py                                                   10      0      0      0 100.00%
2026-09-27T19:07:25.6758961Z portal/urls.py                                                       4      0      0      0 100.00%
2026-09-27T19:07:25.6759863Z portal/views.py                                                    487    164    114     29  62.90%   98, 104, 107-108, 124, 127, 129, 163, 226, 228, 256-258, 275, 339, 389, 403-412, 450, 485, 492-493, 524-525, 528-529, 537-538, 548, 572-582, 613-618, 664-671, 689, 715-719, 751-777, 784-792, 806, 829-860, 866, 871-876, 894-903, 919-928, 935, 943, 954-958, 963-967
2026-09-27T19:07:25.6760672Z references/admin.py                                                 53      0      0      0 100.00%
2026-09-27T19:07:25.6761026Z references/apps.py                                                   3      0      0      0 100.00%
2026-09-27T19:07:25.6761525Z references/equipment_states.py                                       7      0      2      0 100.00%
2026-09-27T19:07:25.6762128Z references/management/commands/load_initial_references.py          158     19     62     18  83.18%   32, 35-36, 59, 95, 101, 109-110, 126, 131, 135, 154, 159, 169, 188, 206, 213, 215, 230, 234->232, 250->237
2026-09-27T19:07:25.6762875Z references/models.py                                               148      9      4      2  92.76%   67-69, 73-75, 126, 168, 181, 195, 211
2026-09-27T19:07:25.6763297Z references/rock_catalog.py                                           1      0      0      0 100.00%
2026-09-27T19:07:25.6763650Z reports/admin.py                                                    23      0      0      0 100.00%
2026-09-27T19:07:25.6763986Z reports/apps.py                                                      3      0      0      0 100.00%
2026-09-27T19:07:25.6764663Z reports/dispatcher_shift_forms.py                                  474    432    138      0   6.86%   29, 33, 37-42, 46-47, 51-52, 62-64, 79, 100-101, 111-115, 119-127, 131-162, 166-168, 172, 176-229, 233-313, 318-462, 473-485, 489-502, 521-530, 534-543, 547-605, 609-659, 663-787, 791-801
2026-09-27T19:07:25.6766170Z reports/driver_rating_materialization.py                           565     95    192     64  78.73%   69-70, 100, 116->128, 120-121, 123, 126, 146, 148, 152, 155, 224, 233, 237, 248, 279, 281, 283, 286-287, 289, 292, 301, 367-377, 382, 397, 410, 414, 423, 430, 434, 450, 464, 468, 482, 492, 496, 521-522, 524, 531, 540, 545-546, 550, 560-561, 565, 574-575, 580, 606, 627, 654, 661, 696, 717, 759, 778, 1020-1021, 1043, 1049-1050, 1066, 1281-1282, 1385, 1446, 1458, 1527, 1529, 1532-1533, 1535, 1552, 1565, 1579, 1591, 1619-1620, 1636-1637, 1649, 1683, 1716, 1728, 1738, 1776
2026-09-27T19:07:25.6767537Z reports/driver_rating_scope_membership.py                          184     19     62     17  85.37%   66, 150, 155, 193->190, 228, 238, 242, 288, 293, 361, 366, 417->407, 499-500, 502, 510, 513, 520, 525-526, 599
2026-09-27T19:07:25.6768255Z reports/driver_shift_passport_snapshots.py                         203     32     56     15  80.31%   77, 81, 85, 113, 124, 211-213, 239, 256, 519, 534, 536, 540, 567, 610, 637-678, 686, 767, 771, 773
2026-09-27T19:07:25.6768947Z reports/driver_shift_timeline.py                                   588     17    248     16  96.05%   190, 213, 358, 444, 448, 451, 557-558, 1227, 1332, 1410, 1476, 1492, 1696, 1734, 1789, 1793
2026-09-27T19:07:25.6769613Z reports/driver_watch_observation.py                                226     18     74     13  88.33%   177, 211-219, 306-314, 461, 626, 678, 682, 728, 781, 785, 789, 793, 810->812
2026-09-27T19:07:25.6770998Z reports/driver_watch_rating.py                                     782     96    286     61  84.36%   86-87, 102, 112, 124-125, 162, 188-189, 229, 258, 274, 409-410, 415, 420, 440, 447, 454, 487, 491, 517->521, 521->525, 526, 649-657, 984, 987, 1056, 1069, 1083, 1112, 1115, 1138->1137, 1163->1167, 1174, 1282-1284, 1301, 1310->1312, 1407, 1414, 1429, 1468-1469, 1486-1496, 1713, 1715, 1731, 1739, 1767, 1795-1798, 1809->1811, 1817-1822, 2087, 2091, 2095, 2099, 2177-2180, 2194->2196, 2202-2207, 2216-2219, 2458, 2462, 2466, 2471-2472, 2474, 2476, 2519-2522, 2545-2550, 2559-2562, 2908-2913, 2915, 2925-2926
2026-09-27T19:07:25.6772580Z reports/forms.py                                                    21      0      2      0 100.00%
2026-09-27T19:07:25.6773090Z reports/hourly_grid.py                                             112     97     40      0   9.87%   55, 59-62, 66-219, 241
2026-09-27T19:07:25.6773573Z reports/management/commands/audit_driver_watch_rating.py            31     31      6      0   0.00%   1-93
2026-09-27T19:07:25.6774092Z reports/management/commands/ensure_rating_periods.py                43      4     12      3  87.27%   45->53, 70, 83-87, 94
2026-09-27T19:07:25.6774656Z reports/management/commands/rebuild_driver_shift_passports.py       50     16     14      4  62.50%   57->59, 63-65, 85->87, 87->95, 96-125
2026-09-27T19:07:25.6775380Z reports/management/commands/refresh_driver_rating_snapshots.py     126     34     54     12  67.78%   86, 100, 113, 155-159, 173-174, 182-186, 192-195, 207, 250-251, 255-259, 266, 287-290, 300-308, 314, 329-334
2026-09-27T19:07:25.6776092Z reports/models.py                                                  280     22     46      1  90.49%   40, 50, 53, 56, 59, 132, 253-254, 277, 507-518, 570, 663, 734
2026-09-27T19:07:25.6776686Z reports/portal_rating_provider.py                                  100      5     30      5  92.31%   103, 108, 149, 174, 281
2026-09-27T19:07:25.6777132Z reports/rating_period_calendar.py                                   30      4     10      4  80.00%   13, 15, 30, 32
2026-09-27T19:07:25.6777605Z reports/rating_period_generation.py                                124      6     38      7  91.98%   81->78, 109, 127, 129, 172, 200, 202
2026-09-27T19:07:25.6778034Z reports/rating_tv.py                                                14      0      2      0 100.00%
2026-09-27T19:07:25.6779467Z reports/rating_tv_formula_replay.py                                562    116    274    104  73.44%   261, 266->268, 307, 313, 318, 340, 352, 353->355, 363, 375, 384, 392, 400, 405-406, 410, 418, 423-424, 428, 447, 458, 462, 494-495, 499, 507, 512-513, 517, 525, 531, 535, 549, 557, 571, 576, 585, 589, 603, 608, 613, 617, 627, 644, 652, 666, 678, 688, 704, 711, 715, 729, 733, 745, 750, 755, 767, 780, 787, 801, 838, 848, 854, 859, 867, 872, 884, 892, 899, 904, 914, 919, 956, 965, 1030, 1037, 1044, 1054, 1065, 1069, 1093, 1102, 1106, 1113, 1117, 1126, 1135, 1153, 1167, 1181, 1199, 1208, 1218, 1237, 1246, 1254, 1262, 1275, 1302, 1307, 1327, 1345-1349, 1392, 1407, 1417, 1430, 1442, 1450, 1461, 1471, 1505, 1523, 1552, 1568-1569, 1573
2026-09-27T19:07:25.6781257Z reports/rating_tv_live_qa.py                                       176     36     58     18  76.92%   75, 87-88, 106-107, 115, 125, 133, 141, 145, 154, 185, 228, 233, 247, 259, 283, 286-287, 313-314, 322, 329, 340-341, 350, 361, 366-367, 376-377, 399, 425-428
2026-09-27T19:07:25.6783549Z reports/rating_tv_replay.py                                        376     83    184     71  72.14%   161-162, 169, 215, 219, 222, 237, 249, 250->254, 262, 272, 281, 288-289, 297-298, 302, 319-320, 339, 354, 364, 376, 387, 398, 407, 412, 417, 423-424, 428, 444, 468, 470, 475, 477, 479, 481, 492, 494, 500, 524, 526, 528, 531, 535, 539, 544, 551, 564, 566, 594, 608, 610, 612, 621, 635, 637, 641, 656, 682, 690, 694, 701, 714, 741, 758, 762, 766, 775, 785, 832, 837, 856, 862, 866, 872, 882, 898-905, 915, 922-923, 925
2026-09-27T19:07:25.6784983Z reports/shift_analytics.py                                         576     62    234     36  85.19%   74, 95, 136-137, 236, 239, 284, 324, 330, 353, 362, 397, 400, 408, 411, 427, 454, 460, 463, 467-470, 526, 567-570, 595-634, 657-666, 683, 686-689, 722, 732, 751->757, 807-808, 946->948, 948->950, 950->952, 953->955, 1015->1026, 1031->1033
2026-09-27T19:07:25.6785736Z reports/urls.py                                                      3      0      0      0 100.00%
2026-09-27T19:07:25.6788332Z reports/views.py                                                  2582    284    970    152  86.49%   147, 153, 258, 268, 270, 273-279, 370, 389-390, 396, 403, 405, 451, 477, 496-497, 510, 589, 594, 742, 752, 768, 774, 801, 812, 893, 1053, 1075, 1088, 1131-1132, 1214, 1276, 1336, 1501, 1505, 1508-1509, 1511, 1528, 1531, 1632, 1650-1651, 1664, 1676, 1698-1699, 1731, 1749-1750, 1776, 1778, 1817-1830, 1845, 1852-1854, 1859, 1902-1903, 2000-2001, 2037, 2040, 2106, 2109, 2115, 2155, 2171, 2218->2226, 2264->2275, 2279->2281, 2281->2283, 2391, 2448, 2470, 2541, 2570, 2706, 2773, 2788, 2807, 2809, 2843->2852, 2872, 2918, 2987, 3002, 3013, 3015, 3025, 3027, 3033, 3035, 3046, 3156, 3195, 3289, 3336, 3339, 3345, 3347, 3353, 3498, 3503-3508, 3512-3526, 3530-3534, 3538-3636, 3640-3688, 3692-3704, 3736, 3751, 3760, 3840, 3888, 3938, 3979, 3981, 3983, 4082->4091, 4093, 4155, 4221->4224, 4261-4262, 4267-4268, 4275, 4277, 4279, 4283, 4285, 4287, 4326, 4329, 4379, 4382, 4422, 4437, 4454, 4458, 4461, 4464, 4505, 4534, 4673, 4693, 4832, 5230, 5249, 5269, 5285->5289, 5292->5301, 5330, 5389, 5394, 5420, 5425-5433, 5437, 5440, 5442, 5444, 5446->5448, 5460, 5488-5489, 5500, 5513, 5521, 5529, 5536, 5553, 5569, 5575-5577, 5579->5581, 5725, 5726->5728, 5812, 5906, 6125, 6127->6129, 6291, 6337
2026-09-27T19:07:25.6791034Z rotations/admin.py                                                  40      0      0      0 100.00%
2026-09-27T19:07:25.6791585Z rotations/apps.py                                                    5      0      0      0 100.00%
2026-09-27T19:07:25.6792204Z rotations/arrival_roster_approvals.py                              277     26    136     26  87.41%   63, 114, 127, 132, 134, 149, 164, 166, 184->191, 190, 191->183, 247, 272, 274, 284, 288, 291, 298, 354, 395, 398, 401-402, 404, 512, 515, 531, 601
2026-09-27T19:07:25.6793072Z rotations/arrival_roster_parser.py                                 303     31    126     21  86.48%   165, 168, 175->180, 177, 190, 195, 199, 216, 245, 258, 259->255, 272, 283-284, 298-299, 301-302, 357->359, 373, 376-380, 392-393, 409, 495-506, 510-517, 577
2026-09-27T19:07:25.6793929Z rotations/arrival_roster_pool.py                                   310     28    106     27  86.78%   55, 69, 110, 114, 148, 161, 163, 165, 199, 202, 233, 328, 342, 349, 420, 434->445, 473, 531, 547, 581, 606, 624, 719, 745, 761, 776, 836-837, 842
2026-09-27T19:07:25.6795002Z rotations/arrival_roster_routing.py                                496     46    204     31  88.14%   102, 138, 158, 183, 190, 200, 223, 228, 271-272, 418, 471-476, 498->497, 523, 529, 532-533, 576, 710, 827, 838, 894, 923-930, 938, 1002-1003, 1039-1040, 1137-1142, 1173, 1185, 1225-1226, 1259, 1287->1292, 1298->1285, 1304->1285, 1325, 1389->1398, 1426->1439, 1463-1466
2026-09-27T19:07:25.6796528Z rotations/arrival_rosters.py                                       709     84    248     61  84.85%   88, 140, 161, 179, 193, 200, 359, 369, 386, 391, 398, 442-443, 445, 452, 461, 471, 487, 521, 545, 548, 562, 580, 597, 608, 619-620, 625, 661-662, 667, 679, 694, 713, 723, 757, 802-803, 830, 838, 889, 943, 964, 985, 1002, 1025, 1102, 1110, 1133-1134, 1188, 1203, 1205, 1214, 1216, 1238, 1252, 1261, 1277, 1302-1303, 1311, 1334, 1355-1361, 1380, 1460, 1508, 1538, 1540, 1557, 1567, 1642, 1658, 1672, 1749-1750, 1776-1777
2026-09-27T19:07:25.6797669Z rotations/documents.py                                             144     11     40     11  88.04%   24, 31, 34, 40, 47->49, 57, 63, 76-82, 176->178, 216-220
2026-09-27T19:07:25.6798529Z rotations/employee_watch_profile_changes.py                        488     51    186     35  86.94%   92, 101, 107-113, 124, 150, 167-168, 178-179, 186, 206, 215-216, 227, 233-234, 245, 251-252, 266, 275-276, 310, 328-333, 343, 426, 455, 466, 509, 584, 737, 760, 769, 789, 832, 846, 869, 881, 890, 903, 957, 1001, 1047, 1134, 1150, 1187, 1228
2026-09-27T19:07:25.6799332Z rotations/exports.py                                               228      2     60      3  98.26%   50, 59
2026-09-27T19:07:25.6799778Z rotations/forms.py                                                 134     17     30     10  79.88%   95, 97, 248-251, 297, 313-323, 326, 328, 330, 332, 335, 339
2026-09-27T19:07:25.6800845Z rotations/models.py                                                718     55    110     39  87.92%   109, 280, 395, 443, 507, 513->exit, 814, 855, 887, 1064, 1072, 1076, 1083, 1085, 1086->1091, 1088, 1090, 1097, 1099, 1101, 1103, 1106, 1108, 1110, 1113-1136, 1246, 1503, 1505, 1511, 1516, 1522, 1527, 1529, 1530->1539, 1532, 1534, 1536, 1538, 1540, 1726, 1883, 1885, 1887, 1976, 1978, 1980, 1982, 1984, 1990, 1992
2026-09-27T19:07:25.6801945Z rotations/services.py                                              156     20     48     14  82.35%   21, 41, 78, 95->103, 110, 112, 126, 151, 169, 187->189, 192-197, 226-227, 244, 251-253
2026-09-27T19:07:25.6802455Z rotations/storage.py                                                18      0      0      0 100.00%
2026-09-27T19:07:25.6802849Z rotations/timekeeper_auth.py                                        46      2      8      1  94.44%   97-98
2026-09-27T19:07:25.6803229Z rotations/urls.py                                                    3      0      0      0 100.00%
2026-09-27T19:07:25.6804589Z rotations/views.py                                                 854    160    260     54  78.64%   129, 135, 152, 176, 241->243, 243->245, 251->253, 253->255, 325->351, 331-332, 352->377, 378->380, 380->382, 382->386, 401, 405, 413, 419-420, 453->466, 603-608, 689-694, 773-775, 786-790, 818, 830-832, 841, 903, 904->906, 906->908, 926, 970-971, 976-977, 994-997, 1000-1002, 1107, 1109, 1111, 1116, 1139->1145, 1154-1155, 1228-1229, 1284-1286, 1298-1299, 1320-1321, 1330-1331, 1345-1347, 1351, 1360, 1368-1385, 1404-1407, 1416-1428, 1436-1452, 1460-1476, 1484-1498, 1505-1520, 1541, 1587-1592, 1618, 1623, 1625, 1627, 1629, 1649-1661, 1714-1726, 1736, 1765, 1783
2026-09-27T19:07:25.6806054Z settlement/admin.py                                                 18      0      0      0 100.00%
2026-09-27T19:07:25.6806687Z settlement/apply.py                                                369     38    114     26  86.34%   209, 234, 291, 301, 340, 358, 408, 436, 670, 714, 721, 748-749, 765, 773, 780, 791, 806-807, 823, 828, 834, 838, 895->900, 911, 916, 948, 950, 955, 974, 1049-1061, 1198-1199, 1225-1226
2026-09-27T19:07:25.6807325Z settlement/apps.py                                                   5      0      0      0 100.00%
2026-09-27T19:07:25.6807874Z settlement/calendar_bindings.py                                    216     51     68     21  70.42%   43, 49, 55, 83, 115, 160, 173, 189, 197, 207, 214, 257, 278, 280, 291-308, 327, 351, 365, 367, 379-410, 425, 442, 444
2026-09-27T19:07:25.6808582Z settlement/cohort_readiness.py                                     265     24     86     17  88.32%   288, 292, 298, 302, 338, 340, 345, 349, 359, 385, 405, 419, 434, 444, 555-556, 562, 583-584, 587, 692-694, 708
2026-09-27T19:07:25.6809824Z settlement/cohorts.py                                              621     89    218     58  82.24%   60, 119, 135, 148-149, 190, 192, 198-199, 251, 260, 273, 276, 279, 294, 300-301, 344-345, 402, 414, 441, 451, 454-455, 482, 503, 550-551, 556, 587, 627, 630-631, 652, 658, 685, 691, 693, 697, 742, 753, 755, 758, 761, 769, 800, 823, 829, 842, 845, 847, 849, 857, 863, 866, 1004-1009, 1150, 1166, 1266, 1275, 1314-1315, 1368-1372, 1485-1486, 1508-1509, 1587, 1593, 1603, 1646, 1653, 1777, 1787, 1812, 1820, 1830, 1838, 1881, 1900
2026-09-27T19:07:25.6811007Z settlement/control.py                                              357     19    102     14  92.81%   112, 115-116, 122, 176, 209, 250, 264, 311, 700, 716-717, 737, 743, 766, 823, 915-922, 948
2026-09-27T19:07:25.6811563Z settlement/fund.py                                                  35      0      4      0 100.00%
2026-09-27T19:07:25.6812005Z settlement/management/commands/load_physical_fund.py                44      3     16      3  90.00%   102, 133, 139
2026-09-27T19:07:25.6815159Z settlement/models.py                                              1803    217    732    195  83.27%   32, 123, 134, 136-137, 139, 161->166, 167->172, 181, 195, 366-367, 444, 447, 449, 475->485, 508, 519, 521-522, 524, 546->551, 552->557, 566, 657, 742, 861, 864, 866, 868, 870, 890, 930, 1095, 1105, 1107, 1109, 1129, 1140, 1149, 1153, 1158, 1171-1172, 1221, 1249, 1382->1384, 1390, 1391->1399, 1400, 1403, 1405, 1407, 1410-1411, 1416-1418, 1425-1428, 1441, 1455, 1458, 1471, 1594->1596, 1602, 1604, 1606, 1608, 1610, 1611->1642, 1621, 1624, 1628, 1630, 1641, 1644, 1649, 1651, 1659-1660, 1665-1667, 1675, 1677, 1680, 1682, 1695, 1709, 1717, 1722, 1735, 1742->1749, 1749->exit, 1781, 1937, 1943, 1944->1947, 1948, 1950, 1952, 1958, 1960, 1964, 1966, 1968, 1970, 1984, 1992, 2002, 2015, 2376, 2378, 2380, 2382, 2386-2387, 2390, 2392, 2394, 2397, 2399, 2402, 2404, 2406, 2407->2416, 2409, 2413, 2416->2455, 2426->2429, 2428, 2431, 2434, 2437, 2441, 2443, 2454, 2475, 2480->exit, 2492, 2505->exit, 2526, 2537, 2540, 2737->2735, 2743, 2746, 2750, 2754, 2759, 2765, 2768, 2770, 2774, 2778, 2780, 2782, 2784, 2806, 2821, 2823-2825, 2842, 3020, 3048, 3224, 3225->3232, 3227, 3229, 3231, 3233, 3237, 3239, 3243, 3245, 3248, 3251, 3252->3255, 3254, 3256, 3270, 3286, 3290, 3292, 3295, 3311, 3385, 3386->3389, 3388, 3390, 3392, 3394, 3395->3401, 3400, 3402, 3468, 3470, 3476, 3478, 3479->3485, 3655, 3661, 3664, 3666, 3668, 3678, 3680, 3682, 3684, 3688, 3733, 3736, 3843, 3848, 3849->3854, 3851, 3853, 3855, 3857, 3875, 3910, 4210, 4212, 4235, 4244, 4246, 4250, 4253, 4282, 4296, 4379-4380, 4390, 4497, 4512, 4641, 4660
2026-09-27T19:07:25.6818548Z settlement/preview_corrections.py                                  227     24     76     18  85.48%   77-78, 105, 146, 157, 161, 169, 188, 288, 295, 375, 380, 382, 394, 413, 471, 486, 524, 532, 541-542, 547, 586-587
2026-09-27T19:07:25.6819409Z settlement/residents.py                                            244     39    120     34  78.85%   40, 43-46, 64, 88, 94-95, 100, 110, 112, 130, 156, 162, 176-181, 189, 207, 209, 212, 222, 249, 251, 259, 261, 274, 278-279, 304, 342, 351, 359, 372, 393, 459, 475->477, 477->470, 481, 483->489, 514, 541
2026-09-27T19:07:25.6820392Z settlement/resolver.py                                             481     34    200     24  91.48%   202, 205, 210, 261, 266, 317->316, 389-390, 399, 633, 953, 955, 990-991, 993-994, 1004-1005, 1012-1013, 1017-1018, 1035, 1039, 1041, 1043, 1097-1098, 1139-1140, 1151, 1154-1155, 1290-1291
2026-09-27T19:07:25.6821177Z settlement/saved_previews.py                                       167     15     46     11  87.79%   73, 116, 123, 128, 153, 187, 230, 334, 339, 360, 368, 399-400, 428, 442
2026-09-27T19:07:25.6822062Z settlement/services.py                                             373     43    144     26  85.88%   100, 128-136, 138-148, 190-201, 219-231, 237-250, 399, 411, 450, 459, 566, 588, 609, 622, 639, 645, 656, 687-688, 703, 718, 978-994, 1056, 1072, 1085, 1090, 1095, 1179, 1201
2026-09-27T19:07:25.6822719Z settlement/urls.py                                                   3      0      0      0 100.00%
2026-09-27T19:07:25.6823231Z settlement/validator.py                                            437     18    150     17  94.04%   107-108, 117, 127, 131, 143, 145, 308, 310, 330, 332, 334, 351, 356, 358, 449->476, 692, 938, 1017
2026-09-27T19:07:25.6824132Z settlement/views.py                                                652     48    166     25  90.59%   198, 225-226, 230-237, 248, 275, 373, 522-525, 734-735, 834, 890, 903->912, 937, 987, 1007-1008, 1013, 1023, 1026-1027, 1032, 1042->1044, 1059, 1350, 1475, 1487-1488, 1509, 1552, 1684, 1713, 1745-1747, 1795, 1801, 1819-1820, 1858
2026-09-27T19:07:25.6824883Z shifts/admin.py                                                     93      4      6      0  93.94%   145-148
2026-09-27T19:07:25.6825239Z shifts/apps.py                                                       3      0      0      0 100.00%
2026-09-27T19:07:25.6825883Z shifts/brigade_phase_calendar.py                                   390     36    132     28  87.74%   102, 111, 123, 128, 215, 253-254, 261-262, 265, 315, 328, 339, 346, 415, 502, 526, 536-537, 542, 547, 566, 612, 638, 656, 665, 680, 708, 719, 724, 726, 746, 814-815, 829, 902
2026-09-27T19:07:25.6826776Z shifts/equipment_plan_groups.py                                    122     19     48     10  80.59%   89, 119->140, 131->130, 153, 182-183, 185-186, 188-189, 191, 197->200, 226, 232-253
2026-09-27T19:07:25.6827305Z shifts/forms.py                                                     28      1      6      2  91.18%   18->exit, 41
2026-09-27T19:07:25.6827741Z shifts/management/commands/close_expired_shifts.py                   9      9      2      0   0.00%   7-21
2026-09-27T19:07:25.6828244Z shifts/management/commands/reconcile_equipment_plan_groups.py       26     26     12      0   0.00%   1-45
2026-09-27T19:07:25.6828779Z shifts/models.py                                                   351     19     24      3  92.53%   69-70, 74-80, 121, 137-138, 337, 378, 491, 608, 652, 668->exit, 716, 771
2026-09-27T19:07:25.6829809Z shifts/services.py                                                 863     86    342     51  87.47%   64-65, 67, 78, 141, 164, 177, 271-282, 320, 323-324, 330, 339, 362, 375, 379, 543, 545, 565, 581, 633, 690, 692, 753-763, 805, 807, 837, 850, 929, 944-945, 952, 985, 1014, 1038, 1043-1046, 1103, 1120, 1132-1147, 1218, 1312, 1353-1359, 1421, 1487-1488, 1553, 1564, 1566, 1571, 1590, 1801, 1814, 1838, 1983, 2031, 2085, 2089, 2118, 2156, 2162, 2168
2026-09-27T19:07:25.6831129Z trips/achievement_views.py                                          99     17     36     15  76.30%   17, 20-21, 27, 41, 47, 85, 87, 96, 100, 108, 118-119, 126, 134, 161, 167, 168->171
2026-09-27T19:07:25.6831840Z trips/admin.py                                                      28      0      0      0 100.00%
2026-09-27T19:07:25.6832174Z trips/apps.py                                                        3      0      0      0 100.00%
2026-09-27T19:07:25.6832561Z trips/dispatcher_assignment_commands.py                             46      1     14      1  96.67%   28
2026-09-27T19:07:25.6832996Z trips/dispatcher_dashboard_projection.py                           156      1     64      1  99.09%   14
2026-09-27T19:07:25.6833444Z trips/dispatcher_downtime_commands.py                               37      4     14      2  88.24%   41-42, 44, 62
2026-09-27T19:07:25.6833942Z trips/dispatcher_downtime_projection.py                            135      4     56      6  94.76%   33, 100, 128, 131, 162->140, 183->187
2026-09-27T19:07:25.6834455Z trips/dispatcher_equipment_commands.py                              41     10     16      6  71.93%   27, 29, 31, 36-37, 39, 50-51, 53, 63
2026-09-27T19:07:25.6834898Z trips/dispatcher_guards.py                                          73      0     20      0 100.00%
2026-09-27T19:07:25.6835301Z trips/dispatcher_header.py                                          77      7     18      4  88.42%   88->94, 118-121, 174, 191-195
2026-09-27T19:07:25.6835697Z trips/dispatcher_pwa.py                                              7      0      0      0 100.00%
2026-09-27T19:07:25.6836069Z trips/dispatcher_read_model.py                                     103      0     40      0 100.00%
2026-09-27T19:07:25.6836618Z trips/dispatcher_shift_commands.py                                 197     21     76     11  88.28%   79-80, 94, 126-130, 133-134, 147-148, 157->159, 257, 269, 291-295, 315-319, 321-325, 356, 403-405
2026-09-27T19:07:25.6837342Z trips/dispatcher_topology_commands.py                              151     21     50     15  82.09%   37, 42-43, 45, 51, 66, 79, 87-88, 100, 110, 115, 124, 127->148, 143->136, 145-146, 156-157, 192, 243->236, 279-280, 314
2026-09-27T19:07:25.6838040Z trips/dispatcher_trip_commands.py                                  199     14     76     10  91.27%   64, 142, 209-213, 215-219, 283, 327-328, 343-344, 360-365, 415->425, 422, 423->425
2026-09-27T19:07:25.6838556Z trips/excavator_hourly_report.py                                    58      0     16      0 100.00%
2026-09-27T19:07:25.6838938Z trips/forms.py                                                      39      2      8      2  91.49%   33, 53
2026-09-27T19:07:25.6839413Z trips/free_bucket.py                                               130     16     38     12  83.33%   159, 162, 182, 191, 219-220, 222, 226, 235, 240, 265, 271, 274-275, 277, 343
2026-09-27T19:07:25.6840069Z trips/management/commands/prepare_excavator_qa.py                   12      2      0      0  83.33%   14-15
2026-09-27T19:07:25.6840556Z trips/management/commands/reset_excavator_qa.py                     15     15      2      0   0.00%   1-20
2026-09-27T19:07:25.6841030Z trips/management/commands/run_excavator_qa_simulator.py             22     22      2      0   0.00%   1-28
2026-09-27T19:07:25.6841667Z trips/manual_loading.py                                            164     28     26      3  82.63%   205-206, 210-211, 216-217, 219-222, 224-234, 247-248, 252-253, 256-257, 268
2026-09-27T19:07:25.6842146Z trips/models.py                                                    121      2      4      0  98.40%   286, 305
2026-09-27T19:07:25.6842612Z trips/qa_simulator.py                                              240     13     72     12  91.35%   139, 355->350, 500-506, 529-531, 620, 628, 634, 709, 722, 737, 744, 912->914
2026-09-27T19:07:25.6843230Z trips/trip_creation.py                                              79      6     36      6  89.57%   40, 106, 108, 115, 128, 135
2026-09-27T19:07:25.6843610Z trips/urls.py                                                        5      0      0      0 100.00%
2026-09-27T19:07:25.6846428Z trips/views.py                                                    2542    216   1046    163  88.88%   218, 221, 285, 290, 302, 311-312, 351, 356, 359-360, 372, 485, 970, 984, 992, 1004, 1006, 1023, 1032, 1035, 1044-1047, 1052-1055, 1095, 1139, 1142-1143, 1153-1154, 1164-1165, 1167, 1189->1186, 1251, 1352, 1370-1371, 1382-1383, 1437->1439, 1567-1568, 1571, 1593, 1644, 1747, 1952->1947, 2002, 2078, 2291->2290, 2345, 2347, 2348->2350, 2350->2341, 2364, 2366->2368, 2368->2362, 2374, 2636, 2757-2758, 2804, 2807, 2849, 2854, 3101-3102, 3158->3219, 3168, 3174, 3183, 3243, 3273, 3401, 3449, 3505, 3541, 3543, 3635, 3660->3659, 3663, 3666-3667, 3679, 3704, 3732, 3825, 3845, 3848, 3854, 3868-3876, 3916, 3931->3933, 3947->3952, 4144-4146, 4272, 4277->4279, 4287-4288, 4295, 4299, 4310, 4318, 4345-4346, 4349, 4356-4357, 4415, 4422->4432, 4573, 4654, 4715, 4830-4831, 4833, 4843, 4845, 4847, 4867, 4872, 4874, 4897, 4906, 4924, 4998, 5026-5028, 5035, 5067, 5080, 5131, 5151, 5166, 5186, 5232-5233, 5376-5378, 5461-5474, 5492->5475, 5544, 5548, 5570->5569, 5653, 5662, 5679, 5992->5994, 6012, 6019->6021, 6054, 6105, 6107, 6123->6101, 6152->6146, 6304, 6340, 6374, 6460, 6462, 6464, 6469-6470, 6472, 6485, 6488, 6491, 6539-6543, 6548-6550, 6552-6554, 6558, 6587, 6593, 6708->6707, 6716, 6757, 6767-6768, 6885, 6896, 6899, 6901, 6904-6905, 6918-6919, 6942->6946, 6957-6958, 6963, 6995, 6998, 7000, 7004-7005, 7016-7017, 7035-7036, 7050-7051, 7054-7055, 7064-7065, 7079, 7081-7082, 7087
2026-09-27T19:07:25.6849418Z users/access_auth.py                                                41      3     24      4  89.23%   36, 40->34, 50, 89
2026-09-27T19:07:25.6849851Z users/active_role.py                                               130     62     58      2  44.68%   76, 145-154, 158-166, 170-201, 205-238, 266
2026-09-27T19:07:25.6850264Z users/admin.py                                                     120      0     12      1  99.24%   64->59
2026-09-27T19:07:25.6850660Z users/app_catalog.py                                                49     22     20      3  46.38%   29-32, 38, 42, 49-52, 56-58, 69-88
2026-09-27T19:07:25.6972310Z users/application_connection.py                                    151      8     54      8  92.20%   63-64, 158, 161->163, 196, 285, 287, 293, 311, 361->363
2026-09-27T19:07:25.6972972Z users/apps.py                                                        3      0      0      0 100.00%
2026-09-27T19:07:25.6973368Z users/client_errors.py                                              26     12      2      0  50.00%   30, 42-64
2026-09-27T19:07:25.6973766Z users/context_processors.py                                         44      0      6      0 100.00%
2026-09-27T19:07:25.6974371Z users/employee_access_locks.py                                      90      6     34      4  91.94%   43, 51, 60-61, 76, 84
2026-09-27T19:07:25.6974823Z users/enter_employee_views.py                                       29      2      8      2  89.19%   37, 54
2026-09-27T19:07:25.6975217Z users/field_test_views.py                                           33      2      4      2  89.19%   39, 43
2026-09-27T19:07:25.6976109Z users/forms.py                                                     637     62    250     42  86.47%   55-56, 104->108, 140, 152, 154, 160, 162, 379, 420, 442, 450, 461, 468-485, 494, 496, 515, 517-518, 525-526, 539, 570, 576, 650, 665, 672, 674-675, 677-678, 680-681, 746, 791, 833->828, 860-864, 868, 870, 871->882, 894->897, 959, 963->972, 1038, 1052, 1111->exit, 1128-1129, 1131, 1141-1143, 1149-1150, 1201
2026-09-27T19:07:25.6977307Z users/live_monitor.py                                              354     99    116     19  68.94%   139-142, 298-300, 303, 306-308, 311, 314, 317, 325, 328, 374-375, 405, 409, 411, 413, 416, 424, 483, 489, 501->517, 531, 534, 537, 546-552, 612, 631, 646-654, 665-692, 696-700, 712-798, 804, 821
2026-09-27T19:07:25.6978287Z users/live_monitor_views.py                                        189     66     68     10  61.09%   51-52, 67-77, 94->93, 131-133, 141-155, 207->209, 235-239, 282, 285, 296, 310-311, 348-386, 392-428
2026-09-27T19:07:25.6978914Z users/management/commands/grant_all_role_access.py                  85     17     42      9  79.53%   53, 61, 63-64, 87, 113, 118, 126, 130, 159-166
2026-09-27T19:07:25.6979689Z users/management/commands/import_oup_employees.py                  224     34    118     30  81.29%   74, 81-82, 98, 112, 118, 163, 188, 190, 192, 194, 196, 201, 219, 225, 227, 233-234, 243, 245, 272, 282, 293, 294->303, 296, 298, 300, 302, 304, 316, 325, 371-372, 377, 379
2026-09-27T19:07:25.6980433Z users/management/commands/issue_oup_import_accesses.py              45      4     14      3  88.14%   28, 52, 64-65
2026-09-27T19:07:25.6981082Z users/management/commands/seed_demo_scenario.py                    134     28     36     16  72.94%   71->80, 106-113, 124->156, 147, 229, 238, 254, 268, 275, 327-331, 358, 378-382, 392->398, 395, 397, 402
2026-09-27T19:07:25.6981865Z users/management/commands/seed_mvp_roles.py                         19      0      6      0 100.00%
2026-09-27T19:07:25.6982346Z users/middleware.py                                                107     17     30      6  80.29%   82-90, 113, 117, 120, 124, 139-140, 146, 192-193
2026-09-27T19:07:25.6982975Z users/models.py                                                    481     21     52     10  93.06%   39-45, 151, 380, 382, 386->388, 388->390, 390->392, 397, 400-401, 403-404, 405->exit, 483-486, 700, 795, 825, 867, 893, 928, 992, 1025
2026-09-27T19:07:25.6983672Z users/native_push.py                                               144     41     44      9  69.15%   50-52, 54, 56-57, 78-117, 123-124, 127, 129->128, 131, 150, 156-166, 175->172, 205-207, 260, 268-271
2026-09-27T19:07:25.6984235Z users/oup_forms.py                                                  84      4     34      6  91.53%   71, 83->78, 109, 121, 137->140, 166
2026-09-27T19:07:25.6984779Z users/oup_services.py                                              238     18     84     17  89.13%   81, 93, 179->177, 187, 196, 202, 251, 256, 306-307, 311, 325, 342, 515, 530, 536, 538, 540, 544
2026-09-27T19:07:25.6985612Z users/oup_undo.py                                                  338     63    148     35  76.13%   189, 200->exit, 259, 278, 280, 286-299, 305-316, 324, 326, 335, 337, 341, 364-365, 390, 409, 413, 422-426, 434, 438, 443-445, 459, 461, 468, 472-474, 476, 495, 510, 539, 559, 568, 571, 603-604, 626, 640, 648, 663, 695
2026-09-27T19:07:25.6986568Z users/oup_views.py                                                 395     72    134     23  78.64%   86-91, 177-180, 194, 202, 257, 269, 342-343, 357-372, 376-377, 401, 410, 527-598, 605, 608, 646, 701, 708, 727, 730-731, 733-734, 736, 758, 773, 779, 787, 826, 846
2026-09-27T19:07:25.6987307Z users/privacy_consent.py                                            36      2      8      2  90.91%   53, 70
2026-09-27T19:07:25.6987739Z users/protected_cards.py                                            32      0     10      0 100.00%
2026-09-27T19:07:25.6988262Z users/push_views.py                                                122     42     42     11  59.15%   35-37, 52, 58, 67-93, 101, 107, 115, 119, 121, 149-153, 165, 199, 204, 209-210, 213->215, 230-264
2026-09-27T19:07:25.6988760Z users/pwa_views.py                                                  17      0      0      0 100.00%
2026-09-27T19:07:25.6989173Z users/registration_dashboard.py                                    406      5    152      4  98.39%   58-59, 67, 301->305, 603, 612
2026-09-27T19:07:25.6989609Z users/role_apps.py                                                 151      2     34      2  97.84%   444, 451
2026-09-27T19:07:25.6989994Z users/session_device.py                                             29      2      6      2  88.57%   33, 44
2026-09-27T19:07:25.6990666Z users/start_views.py                                               153     19     38     10  84.82%   76, 95->93, 104-105, 110, 114-115, 126-130, 133-137, 180, 230, 233, 240->242
2026-09-27T19:07:25.6991135Z users/urls.py                                                       11      0      0      0 100.00%
2026-09-27T19:07:25.6994462Z users/views.py                                                    2076    379    882    159  78.70%   670, 686->684, 853, 867-869, 873, 898-918, 923-928, 935, 1078, 1151->1153, 1182, 1186, 1275, 1305->1307, 1317, 1367-1369, 1426-1432, 1436->1453, 1445, 1457, 1461, 1485, 1528-1559, 1565, 1590, 1597, 1599-1600, 1644-1646, 1695, 1701, 1703, 1705, 1707, 1709, 1711, 1716-1719, 1732, 1800, 1837, 2274->2273, 2298->2297, 2307, 2310->2316, 2323, 2334-2337, 2370->2372, 2373, 2380-2382, 2386-2432, 2436-2466, 2470, 2474-2481, 2518, 2523-2524, 2542->2544, 2583-2591, 2604, 2616, 2648-2663, 2698-2699, 2707, 2711, 2713, 2761, 2767, 2769, 2798-2801, 2824, 2827->2849, 2834->2849, 2851, 2858, 2872-2881, 2900-2901, 2903-2904, 2908-2914, 2953-3037, 3056, 3072, 3076, 3078, 3080, 3088, 3124, 3158-3159, 3216, 3230->3237, 3244, 3363, 3365->3409, 3367->3409, 3383-3387, 3416, 3425-3426, 3430-3431, 3454-3461, 3498-3548, 3554, 3556->3621, 3575->3621, 3604-3606, 3609-3620, 3662, 3668-3671, 3691, 3701-3705, 3716-3717, 3747, 3757, 3810-3815, 3817-3822, 3841-3843, 3849, 3883, 3901-3931, 3935-3952, 3958, 3961, 3965, 3974-3976, 3990, 3992, 3994-3995, 4012, 4044, 4082-4083, 4096, 4098, 4123, 4132, 4259, 4268, 4270, 4275, 4277, 4354, 4361, 4390-4392, 4395, 4543->4545, 4628, 4719->4721, 4807-4808, 4815, 4909, 4941->4988, 5007, 5166, 5261, 5267, 5279-5280, 5439, 5458, 5479->5482, 5499-5505, 5508-5514, 5570-5571, 5575-5582, 5591-5592, 5596, 5601-5602, 5621, 5647, 5699-5700, 5712, 5715, 5719, 5721, 5723, 5730-5731, 5757-5759, 5762-5764, 5768-5770, 5783-5784, 5794-5797, 5818-5831, 5837, 5855-5856, 5876-5877
2026-09-27T19:07:25.6997798Z users/webpush.py                                                   138     69     34      5  45.35%   41, 48-61, 66-72, 85-102, 111-134, 176-204, 226, 250, 272-279
2026-09-27T19:07:25.6998447Z users/work_profiles.py                                             191     40     82     22  75.82%   54, 66, 180, 208, 246-253, 259-262, 268, 270, 272, 274, 276, 284, 286, 288, 290, 299, 321, 323, 325, 331, 343-361, 373, 380
2026-09-27T19:07:25.6999024Z -------------------------------------------------------------------------------------------------------------
2026-09-27T19:07:25.6999413Z TOTAL                                                            39876   5462  13654   2694  83.15%
2026-09-27T19:07:25.6999623Z 
2026-09-27T19:07:25.6999711Z 31 empty files skipped.
2026-09-27T19:07:25.7943743Z ##[group]Run set -o pipefail
2026-09-27T19:07:25.7943996Z [36;1mset -o pipefail[0m
2026-09-27T19:07:25.7944259Z [36;1mpython -m unittest discover -s tools -p 'test*.py' 2>&1 \[0m
2026-09-27T19:07:25.7944579Z [36;1m  | tee artifacts/django-tools-contracts.log[0m
2026-09-27T19:07:25.7999893Z shell: /usr/bin/bash --noprofile --norc -e -o pipefail {0}
2026-09-27T19:07:25.8000181Z env:
2026-09-27T19:07:25.8000402Z   QUALITY_TARGET_REF: 60e0d2900cf4dd15d6a4d0ef856fe8f68ac2d2a1
2026-09-27T19:07:25.8000686Z   DJANGO_SECRET_KEY: ci-secret-key
2026-09-27T19:07:25.8000895Z   DJANGO_DEBUG: True
2026-09-27T19:07:25.8001115Z   DJANGO_ALLOWED_HOSTS: localhost,127.0.0.1,.localhost
2026-09-27T19:07:25.8001587Z   DJANGO_DB_ENGINE: postgres
2026-09-27T19:07:25.8001840Z   POSTGRES_DB: accounting_mvp_ci
2026-09-27T19:07:25.8002044Z   POSTGRES_USER: postgres
2026-09-27T19:07:25.8002235Z   POSTGRES_PASSWORD: postgres
2026-09-27T19:07:25.8002436Z   POSTGRES_HOST: 127.0.0.1
2026-09-27T19:07:25.8002668Z   POSTGRES_PORT: 5432
2026-09-27T19:07:25.8002851Z   POSTGRES_CONN_MAX_AGE: 0
2026-09-27T19:07:25.8003083Z   pythonLocation: /opt/hostedtoolcache/Python/3.12.14/x64
2026-09-27T19:07:25.8003419Z   PKG_CONFIG_PATH: /opt/hostedtoolcache/Python/3.12.14/x64/lib/pkgconfig
2026-09-27T19:07:25.8003993Z   Python_ROOT_DIR: /opt/hostedtoolcache/Python/3.12.14/x64
2026-09-27T19:07:25.8004296Z   Python2_ROOT_DIR: /opt/hostedtoolcache/Python/3.12.14/x64
2026-09-27T19:07:25.8004596Z   Python3_ROOT_DIR: /opt/hostedtoolcache/Python/3.12.14/x64
2026-09-27T19:07:25.8004898Z   LD_LIBRARY_PATH: /opt/hostedtoolcache/Python/3.12.14/x64/lib
2026-09-27T19:07:25.8005159Z ##[endgroup]
2026-09-27T19:07:26.1203465Z ...s........................................
2026-09-27T19:07:26.1203976Z ----------------------------------------------------------------------
2026-09-27T19:07:26.1204396Z Ran 44 tests in 0.206s
2026-09-27T19:07:26.1204561Z 
2026-09-27T19:07:26.1204661Z OK (skipped=1)
2026-09-27T19:07:26.1416117Z ##[group]Run actions/upload-artifact@043fb46d1a93c77aae656e7c1c64a875d1fc6a0a
2026-09-27T19:07:26.1416446Z with:
2026-09-27T19:07:26.1416631Z   name: nightly-django-60e0d2900cf4-logs
2026-09-27T19:07:26.1417470Z   path: СИСТЕМА_MVP/backend/artifacts/*.log
СИСТЕМА_MVP/backend/artifacts/coverage.json
СИСТЕМА_MVP/backend/artifacts/coverage.xml
СИСТЕМА_MVP/backend/artifacts/coverage.txt
СИСТЕМА_MVP/backend/artifacts/coverage-summary.json
СИСТЕМА_MVP/backend/artifacts/coverage-summary.md

2026-09-27T19:07:26.1418304Z   if-no-files-found: warn
2026-09-27T19:07:26.1418498Z   retention-days: 14
2026-09-27T19:07:26.1418685Z   compression-level: 6
2026-09-27T19:07:26.1418865Z   overwrite: false
2026-09-27T19:07:26.1419043Z   include-hidden-files: false
2026-09-27T19:07:26.1419237Z   archive: true
2026-09-27T19:07:26.1419408Z env:
2026-09-27T19:07:26.1419621Z   QUALITY_TARGET_REF: 60e0d2900cf4dd15d6a4d0ef856fe8f68ac2d2a1
2026-09-27T19:07:26.1419896Z   DJANGO_SECRET_KEY: ci-secret-key
2026-09-27T19:07:26.1420137Z   DJANGO_DEBUG: True
2026-09-27T19:07:26.1420346Z   DJANGO_ALLOWED_HOSTS: localhost,127.0.0.1,.localhost
2026-09-27T19:07:26.1420599Z   DJANGO_DB_ENGINE: postgres
2026-09-27T19:07:26.1420798Z   POSTGRES_DB: accounting_mvp_ci
2026-09-27T19:07:26.1421009Z   POSTGRES_USER: postgres
2026-09-27T19:07:26.1421213Z   POSTGRES_PASSWORD: postgres
2026-09-27T19:07:26.1421587Z   POSTGRES_HOST: 127.0.0.1
2026-09-27T19:07:26.1421773Z   POSTGRES_PORT: 5432
2026-09-27T19:07:26.1421957Z   POSTGRES_CONN_MAX_AGE: 0
2026-09-27T19:07:26.1422190Z   pythonLocation: /opt/hostedtoolcache/Python/3.12.14/x64
2026-09-27T19:07:26.1422545Z   PKG_CONFIG_PATH: /opt/hostedtoolcache/Python/3.12.14/x64/lib/pkgconfig
2026-09-27T19:07:26.1422876Z   Python_ROOT_DIR: /opt/hostedtoolcache/Python/3.12.14/x64
2026-09-27T19:07:26.1423190Z   Python2_ROOT_DIR: /opt/hostedtoolcache/Python/3.12.14/x64
2026-09-27T19:07:26.1423481Z   Python3_ROOT_DIR: /opt/hostedtoolcache/Python/3.12.14/x64
2026-09-27T19:07:26.1423777Z   LD_LIBRARY_PATH: /opt/hostedtoolcache/Python/3.12.14/x64/lib
2026-09-27T19:07:26.1424045Z ##[endgroup]
2026-09-27T19:07:26.2596946Z With the provided path, there will be 7 files uploaded
2026-09-27T19:07:26.2602797Z Artifact name is valid!
2026-09-27T19:07:26.2603287Z Root directory input is valid!
2026-09-27T19:07:26.6106453Z Uploading artifact: nightly-django-60e0d2900cf4-logs.zip
2026-09-27T19:07:26.6140222Z Beginning upload of artifact content to blob storage
2026-09-27T19:07:27.1468532Z Uploaded bytes 501197
2026-09-27T19:07:27.2027817Z Finished uploading artifact content to blob storage!
2026-09-27T19:07:27.2028743Z SHA256 digest of uploaded artifact is a923c846c197e8af371f60adbe95c39b346a354a3bef7e742bb8a1fdcd84130d
2026-09-27T19:07:27.2029451Z Finalizing artifact upload
2026-09-27T19:07:27.5554292Z Artifact nightly-django-60e0d2900cf4-logs successfully finalized. Artifact ID 10940021249
2026-09-27T19:07:27.5555351Z Artifact nightly-django-60e0d2900cf4-logs has been successfully uploaded! Final size is 501197 bytes. Artifact ID is 10940021249
2026-09-27T19:07:27.5557631Z Artifact download URL: https://github.com/swwbazz-ux/1/actions/runs/36340395027/artifacts/10940021249
2026-09-27T19:07:27.5708218Z Post job cleanup.
2026-09-27T19:07:27.6659917Z Cache hit occurred on the primary key setup-python-Linux-x64-24.04-Ubuntu-python-3.12.14-pip-25815d4bca4e96336d991d9e1b7cb884ef49e3ba1b43dec0e034ce931299dbdd, not saving cache.
2026-09-27T19:07:27.6772520Z Post job cleanup.
2026-09-27T19:07:27.7479875Z [command]/usr/bin/git version
2026-09-27T19:07:27.7525740Z git version 2.55.0
2026-09-27T19:07:27.7553829Z Temporarily overriding HOME='/home/runner/work/_temp/6884a152-333d-434f-a1f5-5607fee8211e' before making global git config changes
2026-09-27T19:07:27.7554842Z Adding repository directory to the temporary git global config as a safe directory
2026-09-27T19:07:27.7558375Z [command]/usr/bin/git config --global --add safe.directory /home/runner/work/1/1
2026-09-27T19:07:27.7591376Z Removing SSH command configuration
2026-09-27T19:07:27.7597645Z [command]/usr/bin/git config --local --name-only --get-regexp core\.sshCommand
2026-09-27T19:07:27.7630721Z [command]/usr/bin/git submodule foreach --recursive sh -c "git config --local --name-only --get-regexp 'core\.sshCommand' && git config --local --unset-all 'core.sshCommand' || :"
2026-09-27T19:07:27.7892266Z Removing HTTP extra header
2026-09-27T19:07:27.7899183Z [command]/usr/bin/git config --local --name-only --get-regexp http\.https\:\/\/github\.com\/\.extraheader
2026-09-27T19:07:27.7943451Z [command]/usr/bin/git submodule foreach --recursive sh -c "git config --local --name-only --get-regexp 'http\.https\:\/\/github\.com\/\.extraheader' && git config --local --unset-all 'http.https://github.com/.extraheader' || :"
2026-09-27T19:07:27.8203077Z Removing includeIf entries pointing to credentials config files
2026-09-27T19:07:27.8203835Z [command]/usr/bin/git config --local --name-only --get-regexp ^includeIf\.gitdir:
2026-09-27T19:07:27.8232667Z [command]/usr/bin/git submodule foreach --recursive git config --local --show-origin --name-only --get-regexp remote.origin.url
2026-09-27T19:07:27.8576643Z Print service container logs: 9395a82a7fe24ebdac05224cf11e404d_postgres16_b9332b
2026-09-27T19:07:27.8580492Z ##[command]/usr/bin/docker logs --details 2fae9cbb707bdaff44a8030fec693c2317675c07c6807cbdeb835ccea10efb78
2026-09-27T19:07:27.8692148Z  The files belonging to this database system will be owned by user "postgres".
2026-09-27T19:07:27.8695302Z  initdb: warning: enabling "trust" authentication for local connections
2026-09-27T19:07:27.8696688Z  initdb: hint: You can change this by editing pg_hba.conf or using the option -A, or --auth-local and --auth-host, the next time you run initdb.
2026-09-27T19:07:27.8698330Z  2026-09-27 18:24:44.562 UTC [1] LOG:  starting PostgreSQL 16.15 (Debian 16.15-1.pgdg13+2) on x86_64-pc-linux-gnu, compiled by gcc (Debian 14.2.0-19) 14.2.0, 64-bit
2026-09-27T19:07:27.8699726Z  2026-09-27 18:24:44.563 UTC [1] LOG:  listening on IPv4 address "0.0.0.0", port 5432
2026-09-27T19:07:27.8700918Z  2026-09-27 18:24:44.563 UTC [1] LOG:  listening on IPv6 address "::", port 5432
2026-09-27T19:07:27.8701978Z  2026-09-27 18:24:44.563 UTC [1] LOG:  listening on Unix socket "/var/run/postgresql/.s.PGSQL.5432"
2026-09-27T19:07:27.8702981Z  2026-09-27 18:24:44.565 UTC [64] LOG:  database system was shut down at 2026-09-27 18:24:44 UTC
2026-09-27T19:07:27.8703856Z  2026-09-27 18:24:44.569 UTC [1] LOG:  database system is ready to accept connections
2026-09-27T19:07:27.8704853Z  2026-09-27 18:26:18.096 UTC [150] ERROR:  duplicate key value violates unique constraint "unique_open_shift_per_equipment"
2026-09-27T19:07:27.8705752Z  2026-09-27 18:26:18.096 UTC [150] DETAIL:  Key (equipment_id)=(150) already exists.
2026-09-27T19:07:27.8708794Z  2026-09-27 18:26:18.096 UTC [150] STATEMENT:  INSERT INTO "shifts_employeeshift" ("employee_id", "shift_type", "workplace_code", "watch_period_id", "equipment_id", "start_fuel", "start_mileage", "start_engine_hours", "end_fuel", "end_mileage", "end_engine_hours", "opened_at", "closed_at", "opened_by_id", "closed_by_id", "is_service_closed", "service_close_kind", "service_close_note", "plan_group_id", "plan_group_name", "plan_calculation_mode", "plan_value", "plan_assigned_at", "plan_status") VALUES (261, 'night', '', NULL, 150, NULL, NULL, NULL, NULL, NULL, NULL, '2026-09-27 18:26:18.095989+00:00'::timestamptz, NULL, NULL, NULL, false, '', '', NULL, '', '', NULL, NULL, '') RETURNING "shifts_employeeshift"."id"
2026-09-27T19:07:27.8712576Z  2026-09-27 18:26:36.397 UTC [173] ERROR:  duplicate key value violates unique constraint "unique_open_free_bucket_acceptance_per_truck"
2026-09-27T19:07:27.8713540Z  2026-09-27 18:26:36.397 UTC [173] DETAIL:  Key (truck_id)=(530) already exists.
2026-09-27T19:07:27.8714175Z  This user must also own the server process.
2026-09-27T19:07:27.8714736Z  
2026-09-27T19:07:27.8715319Z  The database cluster will be initialized with locale "en_US.utf8".
2026-09-27T19:07:27.8716569Z  The default database encoding has accordingly been set to "UTF8".
2026-09-27T19:07:27.8717292Z  The default text search configuration will be set to "english".
2026-09-27T19:07:27.8717983Z  
2026-09-27T19:07:27.8718375Z  Data page checksums are disabled.
2026-09-27T19:07:27.8718963Z  
2026-09-27T19:07:27.8719442Z  fixing permissions on existing directory /var/lib/postgresql/data ... ok
2026-09-27T19:07:27.8720018Z  creating subdirectories ... ok
2026-09-27T19:07:27.8720398Z  selecting dynamic shared memory implementation ... posix
2026-09-27T19:07:27.8720854Z  selecting default max_connections ... 100
2026-09-27T19:07:27.8721245Z  selecting default shared_buffers ... 128MB
2026-09-27T19:07:27.8721894Z  selecting default time zone ... Etc/UTC
2026-09-27T19:07:27.8722437Z  creating configuration files ... ok
2026-09-27T19:07:27.8722824Z  running bootstrap script ... ok
2026-09-27T19:07:27.8723234Z  performing post-bootstrap initialization ... ok
2026-09-27T19:07:27.8723584Z  syncing data to disk ... ok
2026-09-27T19:07:27.8723932Z  
2026-09-27T19:07:27.8724196Z  
2026-09-27T19:07:27.8724771Z  Success. You can now start the database server using:
2026-09-27T19:07:27.8725176Z  
2026-09-27T19:07:27.8725522Z      pg_ctl -D /var/lib/postgresql/data -l logfile start
2026-09-27T19:07:27.8725934Z  
2026-09-27T19:07:27.8726564Z  waiting for server to start....2026-09-27 18:24:43.858 UTC [48] LOG:  starting PostgreSQL 16.15 (Debian 16.15-1.pgdg13+2) on x86_64-pc-linux-gnu, compiled by gcc (Debian 14.2.0-19) 14.2.0, 64-bit
2026-09-27T19:07:27.8727378Z  2026-09-27 18:24:43.858 UTC [48] LOG:  listening on Unix socket "/var/run/postgresql/.s.PGSQL.5432"
2026-09-27T19:07:27.8728013Z  2026-09-27 18:24:43.860 UTC [51] LOG:  database system was shut down at 2026-09-27 18:24:43 UTC
2026-09-27T19:07:27.8729005Z  2026-09-27 18:24:43.863 UTC [48] LOG:  database system is ready to accept connections
2026-09-27T19:07:27.8729617Z   done
2026-09-27T19:07:27.8730096Z  server started
2026-09-27T19:07:27.8730468Z  CREATE DATABASE
2026-09-27T19:07:27.8730905Z  
2026-09-27T19:07:27.8731150Z  
2026-09-27T19:07:27.8731804Z  /usr/local/bin/docker-entrypoint.sh: ignoring /docker-entrypoint-initdb.d/*
2026-09-27T19:07:27.8732269Z  
2026-09-27T19:07:27.8732672Z  waiting for server to shut down...2026-09-27 18:24:44.145 UTC [48] LOG:  received fast shutdown request
2026-09-27T19:07:27.8733236Z  .2026-09-27 18:24:44.146 UTC [48] LOG:  aborting any active transactions
2026-09-27T19:07:27.8733824Z  2026-09-27 18:24:44.148 UTC [48] LOG:  background worker "logical replication launcher" (PID 54) exited with exit code 1
2026-09-27T19:07:27.8734395Z  2026-09-27 18:24:44.148 UTC [49] LOG:  shutting down
2026-09-27T19:07:27.8734843Z  2026-09-27 18:24:44.148 UTC [49] LOG:  checkpoint starting: shutdown immediate
2026-09-27T19:07:27.8735783Z  2026-09-27 18:24:44.302 UTC [49] LOG:  checkpoint complete: wrote 926 buffers (5.7%); 0 WAL file(s) added, 0 removed, 0 recycled; write=0.076 s, sync=0.078 s, total=0.155 s; sync files=301, longest=0.042 s, average=0.001 s; distance=4273 kB, estimate=4273 kB; lsn=0/191F0F8, redo lsn=0/191F0F8
2026-09-27T19:07:27.8736746Z  2026-09-27 18:24:44.308 UTC [48] LOG:  database system is shut down
2026-09-27T19:07:27.8737085Z   done
2026-09-27T19:07:27.8737459Z  server stopped
2026-09-27T19:07:27.8737725Z  
2026-09-27T19:07:27.8738102Z  PostgreSQL init process complete; ready for start up.
2026-09-27T19:07:27.8738588Z  
2026-09-27T19:07:27.8740471Z  2026-09-27 18:26:36.397 UTC [173] STATEMENT:  INSERT INTO "trips_freebucketacceptance" ("client_acceptance_id", "truck_id", "excavator_id", "operator_id", "loading_shift_id", "requested_by_id", "requesting_shift_id", "primary_assignment_id", "status", "occurred_at", "received_at", "accepted_at", "cancelled_at", "used_at", "closed_at", "used_trip_id", "work_context_snapshot") VALUES ('constraint-second-while-used', 530, 532, 431, 111, NULL, NULL, 119, 'accepted', '2026-09-27 18:26:36.396909+00:00'::timestamptz, '2026-09-27 18:26:36.396998+00:00'::timestamptz, '2026-09-27 18:26:36.396911+00:00'::timestamptz, NULL, NULL, NULL, NULL, '{}'::jsonb) RETURNING "trips_freebucketacceptance"."id"
2026-09-27T19:07:27.8742583Z  2026-09-27 18:26:36.400 UTC [173] ERROR:  duplicate key value violates unique constraint "unique_open_free_bucket_acceptance_per_truck"
2026-09-27T19:07:27.8743268Z  2026-09-27 18:26:36.400 UTC [173] DETAIL:  Key (truck_id)=(530) already exists.
2026-09-27T19:07:27.8745079Z  2026-09-27 18:26:36.400 UTC [173] STATEMENT:  INSERT INTO "trips_freebucketacceptance" ("client_acceptance_id", "truck_id", "excavator_id", "operator_id", "loading_shift_id", "requested_by_id", "requesting_shift_id", "primary_assignment_id", "status", "occurred_at", "received_at", "accepted_at", "cancelled_at", "used_at", "closed_at", "used_trip_id", "work_context_snapshot") VALUES ('constraint-third-accepted', 530, 532, 431, 111, NULL, NULL, 119, 'accepted', '2026-09-27 18:26:36.400211+00:00'::timestamptz, '2026-09-27 18:26:36.400284+00:00'::timestamptz, '2026-09-27 18:26:36.400213+00:00'::timestamptz, NULL, NULL, NULL, NULL, '{}'::jsonb) RETURNING "trips_freebucketacceptance"."id"
2026-09-27T19:07:27.8747148Z  2026-09-27 18:26:36.550 UTC [173] ERROR:  new row for relation "trips_freebucketacceptance" violates check constraint "free_bucket_status_fields_consistent"
2026-09-27T19:07:27.8748213Z  2026-09-27 18:26:36.550 UTC [173] DETAIL:  Failing row contains (12, invalid-request-without-driver, requested, 2026-09-27 18:26:36.550096+00, 2026-09-27 18:26:36.550202+00, null, null, null, 537, null, null, 121, 534, null, null, null, null, {}).
2026-09-27T19:07:27.8750340Z  2026-09-27 18:26:36.550 UTC [173] STATEMENT:  INSERT INTO "trips_freebucketacceptance" ("client_acceptance_id", "truck_id", "excavator_id", "operator_id", "loading_shift_id", "requested_by_id", "requesting_shift_id", "primary_assignment_id", "status", "occurred_at", "received_at", "accepted_at", "cancelled_at", "used_at", "closed_at", "used_trip_id", "work_context_snapshot") VALUES ('invalid-request-without-driver', 534, 537, NULL, NULL, NULL, NULL, 121, 'requested', '2026-09-27 18:26:36.550096+00:00'::timestamptz, '2026-09-27 18:26:36.550202+00:00'::timestamptz, NULL, NULL, NULL, NULL, NULL, '{}'::jsonb) RETURNING "trips_freebucketacceptance"."id"
2026-09-27T19:07:27.8752349Z  2026-09-27 18:27:17.038 UTC [223] ERROR:  duplicate key value violates unique constraint "unique_portal_poll_voter"
2026-09-27T19:07:27.8753135Z  2026-09-27 18:27:17.038 UTC [223] DETAIL:  Key (poll_id, voter_key)=(7, 206b24615c27b692f2813da9979a3598146aa22fb2de0adc665aba5164a383af) already exists.
2026-09-27T19:07:27.8754357Z  2026-09-27 18:27:17.038 UTC [223] STATEMENT:  INSERT INTO "portal_pollvote" ("poll_id", "option_id", "voter_key", "employee_id", "created_at") VALUES (7, 14, '206b24615c27b692f2813da9979a3598146aa22fb2de0adc665aba5164a383af', NULL, '2026-09-27 18:27:17.038008+00:00'::timestamptz) RETURNING "portal_pollvote"."id"
2026-09-27T19:07:27.8755532Z  2026-09-27 18:27:18.058 UTC [227] ERROR:  new row for relation "portal_publication" violates check constraint "portal_public_story_requires_consent"
2026-09-27T19:07:27.8756663Z  2026-09-27 18:27:18.058 UTC [227] DETAIL:  Failing row contains (11, Несогласованная история, несогласованная-история, news, draft, public, all, , , Текст, , f, t, f, f, null, 2026-09-27 18:27:18.057931+00, 2026-09-27 18:27:18.05794+00, 814, null, null, 813, null).
2026-09-27T19:07:27.8758870Z  2026-09-27 18:27:18.058 UTC [227] STATEMENT:  INSERT INTO "portal_publication" ("title", "slug", "publication_type", "status", "visibility", "audience", "target_work_category", "target_employee_id", "subject_employee_id", "summary", "body", "cover_image", "is_mandatory", "allow_reactions", "pin_to_dashboard", "public_consent_confirmed", "author_id", "editor_id", "publisher_id", "published_at", "created_at", "updated_at") VALUES ('Несогласованная история', 'несогласованная-история', 'news', 'draft', 'public', 'all', '', NULL, 813, '', 'Текст', '', false, true, false, false, 814, NULL, NULL, NULL, '2026-09-27 18:27:18.057931+00:00'::timestamptz, '2026-09-27 18:27:18.057940+00:00'::timestamptz) RETURNING "portal_publication"."id"
2026-09-27T19:07:27.8761006Z  2026-09-27 18:27:51.771 UTC [278] ERROR:  duplicate key value violates unique constraint "uniq_arrival_route_batch_review"
2026-09-27T19:07:27.8761859Z  2026-09-27 18:27:51.771 UTC [278] DETAIL:  Key (batch_id, row_review_id)=(37, 63) already exists.
2026-09-27T19:07:27.8763285Z  2026-09-27 18:27:51.771 UTC [278] STATEMENT:  INSERT INTO "rotations_arrivalrosterroutingrow" ("batch_id", "row_review_id", "match_id", "resident_id", "employee_id", "participation_snapshot", "dates_snapshot", "role_snapshot", "role_basis_snapshot", "route_state", "created_at") VALUES (37, 63, 64, 65, 1259, '{"status": "arriving"}'::jsonb, '{}'::jsonb, '{}'::jsonb, '{}'::jsonb, 'to_deputy', '2026-09-27 18:27:51.770760+00:00'::timestamptz) RETURNING "rotations_arrivalrosterroutingrow"."id"
2026-09-27T19:07:27.8764915Z  2026-09-27 18:27:51.874 UTC [278] ERROR:  new row for relation "rotations_arrivalrosterroutingevent" violates check constraint "arrival_route_event_assignment_shape"
2026-09-27T19:07:27.8765853Z  2026-09-27 18:27:51.874 UTC [278] DETAIL:  Failing row contains (82, created, 2026-09-27 18:27:51.874235+00, 941, 259, null, 61).
2026-09-27T19:07:27.8767053Z  2026-09-27 18:27:51.874 UTC [278] STATEMENT:  INSERT INTO "rotations_arrivalrosterroutingevent" ("routing_row_id", "event_type", "actor_access_id", "crew_plan_slot_id", "equipment_assignment_id", "created_at") VALUES (61, 'created', 941, 259, NULL, '2026-09-27 18:27:51.874235+00:00'::timestamptz) RETURNING "rotations_arrivalrosterroutingevent"."id"
2026-09-27T19:07:27.8768336Z  2026-09-27 18:27:51.958 UTC [278] ERROR:  duplicate key value violates unique constraint "rotations_arrivalrosterroutingbat_arrival_roster_version_id_key"
2026-09-27T19:07:27.8769116Z  2026-09-27 18:27:51.958 UTC [278] DETAIL:  Key (arrival_roster_version_id)=(51) already exists.
2026-09-27T19:07:27.8770451Z  2026-09-27 18:27:51.958 UTC [278] STATEMENT:  INSERT INTO "rotations_arrivalrosterroutingbatch" ("arrival_roster_version_id", "watch_period_id", "confirmation_sha256", "created_by_access_id", "created_at") VALUES (51, 129, 'bbbbbbbbbbbbbbbbbbbbbbbbbbbbbbbbbbbbbbbbbbbbbbbbbbbbbbbbbbbbbbbb', 944, '2026-09-27 18:27:51.958519+00:00'::timestamptz) RETURNING "rotations_arrivalrosterroutingbatch"."id"
2026-09-27T19:07:27.8772064Z  2026-09-27 18:28:08.337 UTC [300] ERROR:  duplicate key value violates unique constraint "uniq_arrival_confirmed_period"
2026-09-27T19:07:27.8772645Z  2026-09-27 18:28:08.337 UTC [300] DETAIL:  Key (watch_period_id)=(149) already exists.
2026-09-27T19:07:27.8774006Z  2026-09-27 18:28:08.337 UTC [300] STATEMENT:  UPDATE "rotations_arrivalrosterversion" SET "status" = 'confirmed', "confirmed_by_access_id" = 979, "confirmed_at" = '2026-09-27 18:28:08.336810+00:00'::timestamptz, "confirmation_snapshot" = '{"test": "second-confirmed"}'::jsonb, "confirmation_sha256" = '2222222222222222222222222222222222222222222222222222222222222222' WHERE "rotations_arrivalrosterversion"."id" = 152
2026-09-27T19:07:27.8775339Z  2026-09-27 18:28:09.916 UTC [300] ERROR:  duplicate key value violates unique constraint "uniq_arrival_selected_resident"
2026-09-27T19:07:27.8776015Z  2026-09-27 18:28:09.916 UTC [300] DETAIL:  Key (version_id, selected_resident_id)=(159, 111) already exists.
2026-09-27T19:07:27.8776776Z  2026-09-27 18:28:09.916 UTC [300] STATEMENT:  UPDATE "rotations_arrivalrosterrowreview" SET "selected_resident_id" = 111 WHERE "rotations_arrivalrosterrowreview"."id" = 175
2026-09-27T19:07:27.8777819Z  2026-09-27 18:28:10.103 UTC [300] ERROR:  new row for relation "rotations_arrivalrosterversion" violates check constraint "arrival_version_approval_shape"
2026-09-27T19:07:27.8779557Z  2026-09-27 18:28:10.103 UTC [300] DETAIL:  Failing row contains (161, 1, confirmed, 1, 1, 0, 0, {"source": {"employees": [{"employee": {"status": "active", "hir..., a2484bc4cdd38c5d1cfb2c415239e8fcc3f0f75bffa9b15bc6a232df21080628, 2026-09-27 18:28:09.984199+00, 2026-09-27 18:28:10.025469+00, null, null, 979, 149, employee_pool, 9e701ff35c21270dc7363ed69e471a6ea8569e078c8946972202afdc70238c80, null, 1111111111111111111111111111111111111111111111111111111111111111, {}, 2026-09-27 18:28:10.102766+00, 979, null).
2026-09-27T19:07:27.8781965Z  2026-09-27 18:28:10.103 UTC [300] STATEMENT:  UPDATE "rotations_arrivalrosterversion" SET "status" = 'confirmed', "confirmed_by_access_id" = 979, "confirmed_at" = '2026-09-27 18:28:10.102766+00:00'::timestamptz, "confirmation_snapshot" = '{}'::jsonb, "confirmation_sha256" = '1111111111111111111111111111111111111111111111111111111111111111' WHERE "rotations_arrivalrosterversion"."id" = 161
2026-09-27T19:07:27.8783257Z  2026-09-27 18:28:17.794 UTC [310] ERROR:  new row for relation "rotations_employeewatchprofilechange" violates check constraint "employee_watch_profile_status_audit"
2026-09-27T19:07:27.8784710Z  2026-09-27 18:28:17.794 UTC [310] DETAIL:  Failing row contains (8, 2026-10-28, 1, 1, 2, employee_application, ЗАЯВЛЕНИЕ-1, 2026-09-28, Заявление сотрудника о смене рабоч..., {"schema": 1, "basis_number": "ЗАЯВЛЕНИЕ-1"}, aaaaaaaaaaaaaaaaaaaaaaaaaaaaaaaaaaaaaaaaaaaaaaaaaaaaaaaaaaaaaaaa, 2026-09-27 18:28:17.794026+00, 2026-09-27 18:28:17.792263+00, null, null, draft, null, null, 982, 153, 1370, 160, 9, 159, 8, null, null).
2026-09-27T19:07:27.8788225Z  2026-09-27 18:28:17.794 UTC [310] STATEMENT:  INSERT INTO "rotations_employeewatchprofilechange" ("employee_id", "effective_watch_period_id", "effective_on", "version_number", "supersedes_id", "old_work_schedule_id", "old_brigade_number", "old_watch_composition_id", "new_work_schedule_id", "new_brigade_number", "new_watch_composition_id", "basis_kind", "basis_number", "basis_date", "basis", "source_snapshot", "source_fingerprint", "created_by_access_id", "applied_by_access_id", "superseded_by_access_id", "cancelled_by_access_id", "created_at", "applied_at", "superseded_at", "cancelled_at", "status") VALUES (1370, 153, '2026-10-28'::date, 1, NULL, 8, 1, 159, 9, 2, 160, 'employee_application', 'ЗАЯВЛЕНИЕ-1', '2026-09-28'::date, 'Заявление сотрудника о смене рабочего профиля.',  E'{"schema": 1, "basis_number": "\\u0417\\u0410\\u042f\\u0412\\u041b\\u0415\\u041d\\u0418\\u0415-1"}'::jsonb, 'aaaaaaaaaaaaaaaaaaaaaaaaaaaaaaaaaaaaaaaaaaaaaaaaaaaaaaaaaaaaaaaa', 982, NULL, NULL, NULL, '2026-09-27 18:28:17.794026+00:00'::timestamptz, '2026-09-27 18:28:17.792263+00:00'::timestamptz, NULL, NULL, 'draft') RETURNING "rotations_employeewatchprofilechange"."id"
2026-09-27T19:07:27.8791469Z  2026-09-27 18:28:17.796 UTC [310] ERROR:  new row for relation "rotations_employeewatchprofilechange" violates check constraint "employee_watch_profile_status_audit"
2026-09-27T19:07:27.8792790Z  2026-09-27 18:28:17.796 UTC [310] DETAIL:  Failing row contains (9, 2026-10-28, 2, 1, 2, employee_application, ЗАЯВЛЕНИЕ-1, 2026-09-28, Заявление сотрудника о смене рабоч..., {"schema": 1, "basis_number": "ЗАЯВЛЕНИЕ-1"}, aaaaaaaaaaaaaaaaaaaaaaaaaaaaaaaaaaaaaaaaaaaaaaaaaaaaaaaaaaaaaaaa, 2026-09-27 18:28:17.795822+00, 2026-09-27 18:28:17.792263+00, null, null, applied, null, null, 982, 153, 1370, 160, 9, 159, 8, null, null).
2026-09-27T19:07:27.8796225Z  2026-09-27 18:28:17.796 UTC [310] STATEMENT:  INSERT INTO "rotations_employeewatchprofilechange" ("employee_id", "effective_watch_period_id", "effective_on", "version_number", "supersedes_id", "old_work_schedule_id", "old_brigade_number", "old_watch_composition_id", "new_work_schedule_id", "new_brigade_number", "new_watch_composition_id", "basis_kind", "basis_number", "basis_date", "basis", "source_snapshot", "source_fingerprint", "created_by_access_id", "applied_by_access_id", "superseded_by_access_id", "cancelled_by_access_id", "created_at", "applied_at", "superseded_at", "cancelled_at", "status") VALUES (1370, 153, '2026-10-28'::date, 2, NULL, 8, 1, 159, 9, 2, 160, 'employee_application', 'ЗАЯВЛЕНИЕ-1', '2026-09-28'::date, 'Заявление сотрудника о смене рабочего профиля.',  E'{"schema": 1, "basis_number": "\\u0417\\u0410\\u042f\\u0412\\u041b\\u0415\\u041d\\u0418\\u0415-1"}'::jsonb, 'aaaaaaaaaaaaaaaaaaaaaaaaaaaaaaaaaaaaaaaaaaaaaaaaaaaaaaaaaaaaaaaa', 982, NULL, NULL, NULL, '2026-09-27 18:28:17.795822+00:00'::timestamptz, '2026-09-27 18:28:17.792263+00:00'::timestamptz, NULL, NULL, 'applied') RETURNING "rotations_employeewatchprofilechange"."id"
2026-09-27T19:07:27.8799405Z  2026-09-27 18:28:17.797 UTC [310] ERROR:  new row for relation "rotations_employeewatchprofilechange" violates check constraint "employee_watch_profile_status_audit"
2026-09-27T19:07:27.8800754Z  2026-09-27 18:28:17.797 UTC [310] DETAIL:  Failing row contains (10, 2026-10-28, 3, 1, 2, employee_application, ЗАЯВЛЕНИЕ-1, 2026-09-28, Заявление сотрудника о смене рабоч..., {"schema": 1, "basis_number": "ЗАЯВЛЕНИЕ-1"}, aaaaaaaaaaaaaaaaaaaaaaaaaaaaaaaaaaaaaaaaaaaaaaaaaaaaaaaaaaaaaaaa, 2026-09-27 18:28:17.797412+00, 2026-09-27 18:28:17.792263+00, 2026-09-27 18:28:17.792263+00, null, superseded, 982, null, 982, 153, 1370, 160, 9, 159, 8, null, null).
2026-09-27T19:07:27.8804613Z  2026-09-27 18:28:17.797 UTC [310] STATEMENT:  INSERT INTO "rotations_employeewatchprofilechange" ("employee_id", "effective_watch_period_id", "effective_on", "version_number", "supersedes_id", "old_work_schedule_id", "old_brigade_number", "old_watch_composition_id", "new_work_schedule_id", "new_brigade_number", "new_watch_composition_id", "basis_kind", "basis_number", "basis_date", "basis", "source_snapshot", "source_fingerprint", "created_by_access_id", "applied_by_access_id", "superseded_by_access_id", "cancelled_by_access_id", "created_at", "applied_at", "superseded_at", "cancelled_at", "status") VALUES (1370, 153, '2026-10-28'::date, 3, NULL, 8, 1, 159, 9, 2, 160, 'employee_application', 'ЗАЯВЛЕНИЕ-1', '2026-09-28'::date, 'Заявление сотрудника о смене рабочего профиля.',  E'{"schema": 1, "basis_number": "\\u0417\\u0410\\u042f\\u0412\\u041b\\u0415\\u041d\\u0418\\u0415-1"}'::jsonb, 'aaaaaaaaaaaaaaaaaaaaaaaaaaaaaaaaaaaaaaaaaaaaaaaaaaaaaaaaaaaaaaaa', 982, 982, NULL, NULL, '2026-09-27 18:28:17.797412+00:00'::timestamptz, '2026-09-27 18:28:17.792263+00:00'::timestamptz, '2026-09-27 18:28:17.792263+00:00'::timestamptz, NULL, 'superseded') RETURNING "rotations_employeewatchprofilechange"."id"
2026-09-27T19:07:27.8807790Z  2026-09-27 18:28:17.799 UTC [310] ERROR:  new row for relation "rotations_employeewatchprofilechange" violates check constraint "employee_watch_profile_status_audit"
2026-09-27T19:07:27.8809037Z  2026-09-27 18:28:17.799 UTC [310] DETAIL:  Failing row contains (11, 2026-10-28, 4, 1, 2, employee_application, ЗАЯВЛЕНИЕ-1, 2026-09-28, Заявление сотрудника о смене рабоч..., {"schema": 1, "basis_number": "ЗАЯВЛЕНИЕ-1"}, aaaaaaaaaaaaaaaaaaaaaaaaaaaaaaaaaaaaaaaaaaaaaaaaaaaaaaaaaaaaaaaa, 2026-09-27 18:28:17.798895+00, null, null, null, cancelled, null, 982, 982, 153, 1370, 160, 9, 159, 8, null, null).
2026-09-27T19:07:27.8812603Z  2026-09-27 18:28:17.799 UTC [310] STATEMENT:  INSERT INTO "rotations_employeewatchprofilechange" ("employee_id", "effective_watch_period_id", "effective_on", "version_number", "supersedes_id", "old_work_schedule_id", "old_brigade_number", "old_watch_composition_id", "new_work_schedule_id", "new_brigade_number", "new_watch_composition_id", "basis_kind", "basis_number", "basis_date", "basis", "source_snapshot", "source_fingerprint", "created_by_access_id", "applied_by_access_id", "superseded_by_access_id", "cancelled_by_access_id", "created_at", "applied_at", "superseded_at", "cancelled_at", "status") VALUES (1370, 153, '2026-10-28'::date, 4, NULL, 8, 1, 159, 9, 2, 160, 'employee_application', 'ЗАЯВЛЕНИЕ-1', '2026-09-28'::date, 'Заявление сотрудника о смене рабочего профиля.',  E'{"schema": 1, "basis_number": "\\u0417\\u0410\\u042f\\u0412\\u041b\\u0415\\u041d\\u0418\\u0415-1"}'::jsonb, 'aaaaaaaaaaaaaaaaaaaaaaaaaaaaaaaaaaaaaaaaaaaaaaaaaaaaaaaaaaaaaaaa', 982, NULL, NULL, 982, '2026-09-27 18:28:17.798895+00:00'::timestamptz, NULL, NULL, NULL, 'cancelled') RETURNING "rotations_employeewatchprofilechange"."id"
2026-09-27T19:07:27.8815577Z  2026-09-27 18:28:17.805 UTC [310] ERROR:  duplicate key value violates unique constraint "uniq_applied_employee_watch_profile"
2026-09-27T19:07:27.8816135Z  2026-09-27 18:28:17.805 UTC [310] DETAIL:  Key (employee_id, effective_watch_period_id)=(1370, 153) already exists.
2026-09-27T19:07:27.8818961Z  2026-09-27 18:28:17.805 UTC [310] STATEMENT:  INSERT INTO "rotations_employeewatchprofilechange" ("employee_id", "effective_watch_period_id", "effective_on", "version_number", "supersedes_id", "old_work_schedule_id", "old_brigade_number", "old_watch_composition_id", "new_work_schedule_id", "new_brigade_number", "new_watch_composition_id", "basis_kind", "basis_number", "basis_date", "basis", "source_snapshot", "source_fingerprint", "created_by_access_id", "applied_by_access_id", "superseded_by_access_id", "cancelled_by_access_id", "created_at", "applied_at", "superseded_at", "cancelled_at", "status") VALUES (1370, 153, '2026-10-28'::date, 2, NULL, 8, 1, 159, 9, 2, 160, 'employee_application', 'ЗАЯВЛЕНИЕ-1', '2026-09-28'::date, 'Заявление сотрудника о смене рабочего профиля.',  E'{"schema": 1, "basis_number": "\\u0417\\u0410\\u042f\\u0412\\u041b\\u0415\\u041d\\u0418\\u0415-1"}'::jsonb, 'aaaaaaaaaaaaaaaaaaaaaaaaaaaaaaaaaaaaaaaaaaaaaaaaaaaaaaaaaaaaaaaa', 982, 982, NULL, NULL, '2026-09-27 18:28:17.805061+00:00'::timestamptz, '2026-09-27 18:28:17.802713+00:00'::timestamptz, NULL, NULL, 'applied') RETURNING "rotations_employeewatchprofilechange"."id"
2026-09-27T19:07:27.8822186Z  2026-09-27 18:28:17.827 UTC [310] ERROR:  duplicate key value violates unique constraint "rotations_employeewatchprofilechange_supersedes_id_key"
2026-09-27T19:07:27.8822725Z  2026-09-27 18:28:17.827 UTC [310] DETAIL:  Key (supersedes_id)=(17) already exists.
2026-09-27T19:07:27.8825323Z  2026-09-27 18:28:17.827 UTC [310] STATEMENT:  INSERT INTO "rotations_employeewatchprofilechange" ("employee_id", "effective_watch_period_id", "effective_on", "version_number", "supersedes_id", "old_work_schedule_id", "old_brigade_number", "old_watch_composition_id", "new_work_schedule_id", "new_brigade_number", "new_watch_composition_id", "basis_kind", "basis_number", "basis_date", "basis", "source_snapshot", "source_fingerprint", "created_by_access_id", "applied_by_access_id", "superseded_by_access_id", "cancelled_by_access_id", "created_at", "applied_at", "superseded_at", "cancelled_at", "status") VALUES (1370, 153, '2026-10-28'::date, 3, 17, 8, 1, 159, 9, 2, 160, 'employee_application', 'ЗАЯВЛЕНИЕ-1', '2026-09-28'::date, 'Заявление сотрудника о смене рабочего профиля.',  E'{"schema": 1, "basis_number": "\\u0417\\u0410\\u042f\\u0412\\u041b\\u0415\\u041d\\u0418\\u0415-1"}'::jsonb, 'cccccccccccccccccccccccccccccccccccccccccccccccccccccccccccccccc', 982, NULL, NULL, NULL, '2026-09-27 18:28:17.827529+00:00'::timestamptz, NULL, NULL, NULL, 'draft') RETURNING "rotations_employeewatchprofilechange"."id"
2026-09-27T19:07:27.8828297Z  2026-09-27 18:28:17.832 UTC [310] ERROR:  duplicate key value violates unique constraint "uniq_employee_watch_profile_version"
2026-09-27T19:07:27.8828899Z  2026-09-27 18:28:17.832 UTC [310] DETAIL:  Key (employee_id, effective_watch_period_id, version_number)=(1370, 153, 1) already exists.
2026-09-27T19:07:27.8831761Z  2026-09-27 18:28:17.832 UTC [310] STATEMENT:  INSERT INTO "rotations_employeewatchprofilechange" ("employee_id", "effective_watch_period_id", "effective_on", "version_number", "supersedes_id", "old_work_schedule_id", "old_brigade_number", "old_watch_composition_id", "new_work_schedule_id", "new_brigade_number", "new_watch_composition_id", "basis_kind", "basis_number", "basis_date", "basis", "source_snapshot", "source_fingerprint", "created_by_access_id", "applied_by_access_id", "superseded_by_access_id", "cancelled_by_access_id", "created_at", "applied_at", "superseded_at", "cancelled_at", "status") VALUES (1370, 153, '2026-10-28'::date, 1, NULL, 8, 1, 159, 9, 2, 160, 'employee_application', 'ЗАЯВЛЕНИЕ-1', '2026-09-28'::date, 'Заявление сотрудника о смене рабочего профиля.',  E'{"schema": 1, "basis_number": "\\u0417\\u0410\\u042f\\u0412\\u041b\\u0415\\u041d\\u0418\\u0415-1"}'::jsonb, 'bbbbbbbbbbbbbbbbbbbbbbbbbbbbbbbbbbbbbbbbbbbbbbbbbbbbbbbbbbbbbbbb', 982, NULL, NULL, NULL, '2026-09-27 18:28:17.832025+00:00'::timestamptz, NULL, NULL, NULL, 'draft') RETURNING "rotations_employeewatchprofilechange"."id"
2026-09-27T19:07:27.8834764Z  2026-09-27 18:28:17.836 UTC [310] ERROR:  new row for relation "rotations_employeewatchprofilechange" violates check constraint "employee_watch_profile_version_gte_1"
2026-09-27T19:07:27.8836027Z  2026-09-27 18:28:17.836 UTC [310] DETAIL:  Failing row contains (22, 2026-10-28, 0, 1, 2, employee_application, ЗАЯВЛЕНИЕ-1, 2026-09-28, Заявление сотрудника о смене рабоч..., {"schema": 1, "basis_number": "ЗАЯВЛЕНИЕ-1"}, aaaaaaaaaaaaaaaaaaaaaaaaaaaaaaaaaaaaaaaaaaaaaaaaaaaaaaaaaaaaaaaa, 2026-09-27 18:28:17.835905+00, null, null, null, draft, null, null, 982, 153, 1370, 160, 9, 159, 8, null, null).
2026-09-27T19:07:27.8839440Z  2026-09-27 18:28:17.836 UTC [310] STATEMENT:  INSERT INTO "rotations_employeewatchprofilechange" ("employee_id", "effective_watch_period_id", "effective_on", "version_number", "supersedes_id", "old_work_schedule_id", "old_brigade_number", "old_watch_composition_id", "new_work_schedule_id", "new_brigade_number", "new_watch_composition_id", "basis_kind", "basis_number", "basis_date", "basis", "source_snapshot", "source_fingerprint", "created_by_access_id", "applied_by_access_id", "superseded_by_access_id", "cancelled_by_access_id", "created_at", "applied_at", "superseded_at", "cancelled_at", "status") VALUES (1370, 153, '2026-10-28'::date, 0, NULL, 8, 1, 159, 9, 2, 160, 'employee_application', 'ЗАЯВЛЕНИЕ-1', '2026-09-28'::date, 'Заявление сотрудника о смене рабочего профиля.',  E'{"schema": 1, "basis_number": "\\u0417\\u0410\\u042f\\u0412\\u041b\\u0415\\u041d\\u0418\\u0415-1"}'::jsonb, 'aaaaaaaaaaaaaaaaaaaaaaaaaaaaaaaaaaaaaaaaaaaaaaaaaaaaaaaaaaaaaaaa', 982, NULL, NULL, NULL, '2026-09-27 18:28:17.835905+00:00'::timestamptz, NULL, NULL, NULL, 'draft') RETURNING "rotations_employeewatchprofilechange"."id"
2026-09-27T19:07:27.8842540Z  2026-09-27 18:28:17.837 UTC [310] ERROR:  new row for relation "rotations_employeewatchprofilechange" violates check constraint "employee_watch_profile_old_brigade_gte_1"
2026-09-27T19:07:27.8843815Z  2026-09-27 18:28:17.837 UTC [310] DETAIL:  Failing row contains (23, 2026-10-28, 2, 0, 2, employee_application, ЗАЯВЛЕНИЕ-1, 2026-09-28, Заявление сотрудника о смене рабоч..., {"schema": 1, "basis_number": "ЗАЯВЛЕНИЕ-1"}, aaaaaaaaaaaaaaaaaaaaaaaaaaaaaaaaaaaaaaaaaaaaaaaaaaaaaaaaaaaaaaaa, 2026-09-27 18:28:17.837322+00, null, null, null, draft, null, null, 982, 153, 1370, 160, 9, 159, 8, null, null).
2026-09-27T19:07:27.8847199Z  2026-09-27 18:28:17.837 UTC [310] STATEMENT:  INSERT INTO "rotations_employeewatchprofilechange" ("employee_id", "effective_watch_period_id", "effective_on", "version_number", "supersedes_id", "old_work_schedule_id", "old_brigade_number", "old_watch_composition_id", "new_work_schedule_id", "new_brigade_number", "new_watch_composition_id", "basis_kind", "basis_number", "basis_date", "basis", "source_snapshot", "source_fingerprint", "created_by_access_id", "applied_by_access_id", "superseded_by_access_id", "cancelled_by_access_id", "created_at", "applied_at", "superseded_at", "cancelled_at", "status") VALUES (1370, 153, '2026-10-28'::date, 2, NULL, 8, 0, 159, 9, 2, 160, 'employee_application', 'ЗАЯВЛЕНИЕ-1', '2026-09-28'::date, 'Заявление сотрудника о смене рабочего профиля.',  E'{"schema": 1, "basis_number": "\\u0417\\u0410\\u042f\\u0412\\u041b\\u0415\\u041d\\u0418\\u0415-1"}'::jsonb, 'aaaaaaaaaaaaaaaaaaaaaaaaaaaaaaaaaaaaaaaaaaaaaaaaaaaaaaaaaaaaaaaa', 982, NULL, NULL, NULL, '2026-09-27 18:28:17.837322+00:00'::timestamptz, NULL, NULL, NULL, 'draft') RETURNING "rotations_employeewatchprofilechange"."id"
2026-09-27T19:07:27.8850136Z  2026-09-27 18:28:17.839 UTC [310] ERROR:  new row for relation "rotations_employeewatchprofilechange" violates check constraint "employee_watch_profile_new_brigade_gte_1"
2026-09-27T19:07:27.8851550Z  2026-09-27 18:28:17.839 UTC [310] DETAIL:  Failing row contains (24, 2026-10-28, 3, 1, 0, employee_application, ЗАЯВЛЕНИЕ-1, 2026-09-28, Заявление сотрудника о смене рабоч..., {"schema": 1, "basis_number": "ЗАЯВЛЕНИЕ-1"}, aaaaaaaaaaaaaaaaaaaaaaaaaaaaaaaaaaaaaaaaaaaaaaaaaaaaaaaaaaaaaaaa, 2026-09-27 18:28:17.838693+00, null, null, null, draft, null, null, 982, 153, 1370, 160, 9, 159, 8, null, null).
2026-09-27T19:07:27.8855006Z  2026-09-27 18:28:17.839 UTC [310] STATEMENT:  INSERT INTO "rotations_employeewatchprofilechange" ("employee_id", "effective_watch_period_id", "effective_on", "version_number", "supersedes_id", "old_work_schedule_id", "old_brigade_number", "old_watch_composition_id", "new_work_schedule_id", "new_brigade_number", "new_watch_composition_id", "basis_kind", "basis_number", "basis_date", "basis", "source_snapshot", "source_fingerprint", "created_by_access_id", "applied_by_access_id", "superseded_by_access_id", "cancelled_by_access_id", "created_at", "applied_at", "superseded_at", "cancelled_at", "status") VALUES (1370, 153, '2026-10-28'::date, 3, NULL, 8, 1, 159, 9, 0, 160, 'employee_application', 'ЗАЯВЛЕНИЕ-1', '2026-09-28'::date, 'Заявление сотрудника о смене рабочего профиля.',  E'{"schema": 1, "basis_number": "\\u0417\\u0410\\u042f\\u0412\\u041b\\u0415\\u041d\\u0418\\u0415-1"}'::jsonb, 'aaaaaaaaaaaaaaaaaaaaaaaaaaaaaaaaaaaaaaaaaaaaaaaaaaaaaaaaaaaaaaaa', 982, NULL, NULL, NULL, '2026-09-27 18:28:17.838693+00:00'::timestamptz, NULL, NULL, NULL, 'draft') RETURNING "rotations_employeewatchprofilechange"."id"
2026-09-27T19:07:27.8858056Z  2026-09-27 18:28:17.840 UTC [310] ERROR:  new row for relation "rotations_employeewatchprofilechange" violates check constraint "employee_watch_profile_status_audit"
2026-09-27T19:07:27.8859346Z  2026-09-27 18:28:17.840 UTC [310] DETAIL:  Failing row contains (25, 2026-10-28, 4, 1, 2, employee_application, ЗАЯВЛЕНИЕ-1, 2026-09-28, Заявление сотрудника о смене рабоч..., {"schema": 1, "basis_number": "ЗАЯВЛЕНИЕ-1"}, aaaaaaaaaaaaaaaaaaaaaaaaaaaaaaaaaaaaaaaaaaaaaaaaaaaaaaaaaaaaaaaa, 2026-09-27 18:28:17.840036+00, null, null, null, unknown, null, null, 982, 153, 1370, 160, 9, 159, 8, null, null).
2026-09-27T19:07:27.8862763Z  2026-09-27 18:28:17.840 UTC [310] STATEMENT:  INSERT INTO "rotations_employeewatchprofilechange" ("employee_id", "effective_watch_period_id", "effective_on", "version_number", "supersedes_id", "old_work_schedule_id", "old_brigade_number", "old_watch_composition_id", "new_work_schedule_id", "new_brigade_number", "new_watch_composition_id", "basis_kind", "basis_number", "basis_date", "basis", "source_snapshot", "source_fingerprint", "created_by_access_id", "applied_by_access_id", "superseded_by_access_id", "cancelled_by_access_id", "created_at", "applied_at", "superseded_at", "cancelled_at", "status") VALUES (1370, 153, '2026-10-28'::date, 4, NULL, 8, 1, 159, 9, 2, 160, 'employee_application', 'ЗАЯВЛЕНИЕ-1', '2026-09-28'::date, 'Заявление сотрудника о смене рабочего профиля.',  E'{"schema": 1, "basis_number": "\\u0417\\u0410\\u042f\\u0412\\u041b\\u0415\\u041d\\u0418\\u0415-1"}'::jsonb, 'aaaaaaaaaaaaaaaaaaaaaaaaaaaaaaaaaaaaaaaaaaaaaaaaaaaaaaaaaaaaaaaa', 982, NULL, NULL, NULL, '2026-09-27 18:28:17.840036+00:00'::timestamptz, NULL, NULL, NULL, 'unknown') RETURNING "rotations_employeewatchprofilechange"."id"
2026-09-27T19:07:27.8865869Z  2026-09-27 18:28:17.841 UTC [310] ERROR:  new row for relation "rotations_employeewatchprofilechange" violates check constraint "employee_watch_profile_basis_kind_valid"
2026-09-27T19:07:27.8867097Z  2026-09-27 18:28:17.841 UTC [310] DETAIL:  Failing row contains (26, 2026-10-28, 5, 1, 2, unknown, ЗАЯВЛЕНИЕ-1, 2026-09-28, Заявление сотрудника о смене рабоч..., {"schema": 1, "basis_number": "ЗАЯВЛЕНИЕ-1"}, aaaaaaaaaaaaaaaaaaaaaaaaaaaaaaaaaaaaaaaaaaaaaaaaaaaaaaaaaaaaaaaa, 2026-09-27 18:28:17.841383+00, null, null, null, draft, null, null, 982, 153, 1370, 160, 9, 159, 8, null, null).
2026-09-27T19:07:27.8870395Z  2026-09-27 18:28:17.841 UTC [310] STATEMENT:  INSERT INTO "rotations_employeewatchprofilechange" ("employee_id", "effective_watch_period_id", "effective_on", "version_number", "supersedes_id", "old_work_schedule_id", "old_brigade_number", "old_watch_composition_id", "new_work_schedule_id", "new_brigade_number", "new_watch_composition_id", "basis_kind", "basis_number", "basis_date", "basis", "source_snapshot", "source_fingerprint", "created_by_access_id", "applied_by_access_id", "superseded_by_access_id", "cancelled_by_access_id", "created_at", "applied_at", "superseded_at", "cancelled_at", "status") VALUES (1370, 153, '2026-10-28'::date, 5, NULL, 8, 1, 159, 9, 2, 160, 'unknown', 'ЗАЯВЛЕНИЕ-1', '2026-09-28'::date, 'Заявление сотрудника о смене рабочего профиля.',  E'{"schema": 1, "basis_number": "\\u0417\\u0410\\u042f\\u0412\\u041b\\u0415\\u041d\\u0418\\u0415-1"}'::jsonb, 'aaaaaaaaaaaaaaaaaaaaaaaaaaaaaaaaaaaaaaaaaaaaaaaaaaaaaaaaaaaaaaaa', 982, NULL, NULL, NULL, '2026-09-27 18:28:17.841383+00:00'::timestamptz, NULL, NULL, NULL, 'draft') RETURNING "rotations_employeewatchprofilechange"."id"
2026-09-27T19:07:27.8873622Z  2026-09-27 18:28:17.843 UTC [310] ERROR:  new row for relation "rotations_employeewatchprofilechange" violates check constraint "employee_watch_profile_basis_required"
2026-09-27T19:07:27.8874874Z  2026-09-27 18:28:17.843 UTC [310] DETAIL:  Failing row contains (27, 2026-10-28, 7, 1, 2, employee_application, , 2026-09-28, Заявление сотрудника о смене рабоч..., {"schema": 1, "basis_number": "ЗАЯВЛЕНИЕ-1"}, aaaaaaaaaaaaaaaaaaaaaaaaaaaaaaaaaaaaaaaaaaaaaaaaaaaaaaaaaaaaaaaa, 2026-09-27 18:28:17.842735+00, null, null, null, draft, null, null, 982, 153, 1370, 160, 9, 159, 8, null, null).
2026-09-27T19:07:27.8878520Z  2026-09-27 18:28:17.843 UTC [310] STATEMENT:  INSERT INTO "rotations_employeewatchprofilechange" ("employee_id", "effective_watch_period_id", "effective_on", "version_number", "supersedes_id", "old_work_schedule_id", "old_brigade_number", "old_watch_composition_id", "new_work_schedule_id", "new_brigade_number", "new_watch_composition_id", "basis_kind", "basis_number", "basis_date", "basis", "source_snapshot", "source_fingerprint", "created_by_access_id", "applied_by_access_id", "superseded_by_access_id", "cancelled_by_access_id", "created_at", "applied_at", "superseded_at", "cancelled_at", "status") VALUES (1370, 153, '2026-10-28'::date, 7, NULL, 8, 1, 159, 9, 2, 160, 'employee_application', '', '2026-09-28'::date, 'Заявление сотрудника о смене рабочего профиля.',  E'{"schema": 1, "basis_number": "\\u0417\\u0410\\u042f\\u0412\\u041b\\u0415\\u041d\\u0418\\u0415-1"}'::jsonb, 'aaaaaaaaaaaaaaaaaaaaaaaaaaaaaaaaaaaaaaaaaaaaaaaaaaaaaaaaaaaaaaaa', 982, NULL, NULL, NULL, '2026-09-27 18:28:17.842735+00:00'::timestamptz, NULL, NULL, NULL, 'draft') RETURNING "rotations_employeewatchprofilechange"."id"
2026-09-27T19:07:27.8882060Z  2026-09-27 18:28:17.844 UTC [310] ERROR:  new row for relation "rotations_employeewatchprofilechange" violates check constraint "employee_watch_profile_basis_required"
2026-09-27T19:07:27.8883480Z  2026-09-27 18:28:17.844 UTC [310] DETAIL:  Failing row contains (28, 2026-10-28, 8, 1, 2, employee_application, ЗАЯВЛЕНИЕ-1, 2026-09-28, , {"schema": 1, "basis_number": "ЗАЯВЛЕНИЕ-1"}, aaaaaaaaaaaaaaaaaaaaaaaaaaaaaaaaaaaaaaaaaaaaaaaaaaaaaaaaaaaaaaaa, 2026-09-27 18:28:17.844088+00, null, null, null, draft, null, null, 982, 153, 1370, 160, 9, 159, 8, null, null).
2026-09-27T19:07:27.8886774Z  2026-09-27 18:28:17.844 UTC [310] STATEMENT:  INSERT INTO "rotations_employeewatchprofilechange" ("employee_id", "effective_watch_period_id", "effective_on", "version_number", "supersedes_id", "old_work_schedule_id", "old_brigade_number", "old_watch_composition_id", "new_work_schedule_id", "new_brigade_number", "new_watch_composition_id", "basis_kind", "basis_number", "basis_date", "basis", "source_snapshot", "source_fingerprint", "created_by_access_id", "applied_by_access_id", "superseded_by_access_id", "cancelled_by_access_id", "created_at", "applied_at", "superseded_at", "cancelled_at", "status") VALUES (1370, 153, '2026-10-28'::date, 8, NULL, 8, 1, 159, 9, 2, 160, 'employee_application', 'ЗАЯВЛЕНИЕ-1', '2026-09-28'::date, '',  E'{"schema": 1, "basis_number": "\\u0417\\u0410\\u042f\\u0412\\u041b\\u0415\\u041d\\u0418\\u0415-1"}'::jsonb, 'aaaaaaaaaaaaaaaaaaaaaaaaaaaaaaaaaaaaaaaaaaaaaaaaaaaaaaaaaaaaaaaa', 982, NULL, NULL, NULL, '2026-09-27 18:28:17.844088+00:00'::timestamptz, NULL, NULL, NULL, 'draft') RETURNING "rotations_employeewatchprofilechange"."id"
2026-09-27T19:07:27.8889621Z  2026-09-27 18:28:21.895 UTC [313] ERROR:  new row for relation "rotations_watchextensioncase" violates check constraint "rot_ext_decision_valid"
2026-09-27T19:07:27.8890391Z  2026-09-27 18:28:21.895 UTC [313] DETAIL:  Failing row contains (3, 2026-11-08, 2026-11-18, approved, null, , not_started, null, , 2026-09-27 18:28:21.895353+00, 2026-09-27 18:28:21.895363+00, null, null, 4).
2026-09-27T19:07:27.8892297Z  2026-09-27 18:28:21.895 UTC [313] STATEMENT:  INSERT INTO "rotations_watchextensioncase" ("response_id", "extension_start", "extension_end", "decision_status", "decision_by_id", "decision_at", "decision_comment", "documentation_status", "documentation_by_id", "documentation_at", "documentation_note", "created_at", "updated_at") VALUES (4, '2026-11-08'::date, '2026-11-18'::date, 'approved', NULL, NULL, '', 'not_started', NULL, NULL, '', '2026-09-27 18:28:21.895353+00:00'::timestamptz, '2026-09-27 18:28:21.895363+00:00'::timestamptz) RETURNING "rotations_watchextensioncase"."id"
2026-09-27T19:07:27.8893913Z  2026-09-27 18:28:21.897 UTC [313] ERROR:  new row for relation "rotations_watchextensioncase" violates check constraint "rot_ext_decision_valid"
2026-09-27T19:07:27.8894709Z  2026-09-27 18:28:21.897 UTC [313] DETAIL:  Failing row contains (4, 2026-11-08, 2026-11-18, pending, 2026-09-27 18:28:21.894835+00, , not_started, null, , 2026-09-27 18:28:21.896912+00, 2026-09-27 18:28:21.89692+00, 1386, null, 4).
2026-09-27T19:07:27.8896497Z  2026-09-27 18:28:21.897 UTC [313] STATEMENT:  INSERT INTO "rotations_watchextensioncase" ("response_id", "extension_start", "extension_end", "decision_status", "decision_by_id", "decision_at", "decision_comment", "documentation_status", "documentation_by_id", "documentation_at", "documentation_note", "created_at", "updated_at") VALUES (4, '2026-11-08'::date, '2026-11-18'::date, 'pending', 1386, '2026-09-27 18:28:21.894835+00:00'::timestamptz, '', 'not_started', NULL, NULL, '', '2026-09-27 18:28:21.896912+00:00'::timestamptz, '2026-09-27 18:28:21.896920+00:00'::timestamptz) RETURNING "rotations_watchextensioncase"."id"
2026-09-27T19:07:27.8898160Z  2026-09-27 18:28:21.898 UTC [313] ERROR:  new row for relation "rotations_watchextensioncase" violates check constraint "rot_ext_docs_after_approval"
2026-09-27T19:07:27.8899069Z  2026-09-27 18:28:21.898 UTC [313] DETAIL:  Failing row contains (5, 2026-11-08, 2026-11-18, pending, null, , data_ready, 2026-09-27 18:28:21.894835+00, , 2026-09-27 18:28:21.898222+00, 2026-09-27 18:28:21.89823+00, null, 1386, 4).
2026-09-27T19:07:27.8900868Z  2026-09-27 18:28:21.898 UTC [313] STATEMENT:  INSERT INTO "rotations_watchextensioncase" ("response_id", "extension_start", "extension_end", "decision_status", "decision_by_id", "decision_at", "decision_comment", "documentation_status", "documentation_by_id", "documentation_at", "documentation_note", "created_at", "updated_at") VALUES (4, '2026-11-08'::date, '2026-11-18'::date, 'pending', NULL, NULL, '', 'data_ready', 1386, '2026-09-27 18:28:21.894835+00:00'::timestamptz, '', '2026-09-27 18:28:21.898222+00:00'::timestamptz, '2026-09-27 18:28:21.898230+00:00'::timestamptz) RETURNING "rotations_watchextensioncase"."id"
2026-09-27T19:07:27.8902628Z  2026-09-27 18:28:21.899 UTC [313] ERROR:  new row for relation "rotations_watchextensioncase" violates check constraint "rot_ext_documentation_valid"
2026-09-27T19:07:27.8903434Z  2026-09-27 18:28:21.899 UTC [313] DETAIL:  Failing row contains (6, 2026-11-08, 2026-11-18, approved, 2026-09-27 18:28:21.894835+00, , data_ready, null, , 2026-09-27 18:28:21.899487+00, 2026-09-27 18:28:21.899495+00, 1386, null, 4).
2026-09-27T19:07:27.8905322Z  2026-09-27 18:28:21.899 UTC [313] STATEMENT:  INSERT INTO "rotations_watchextensioncase" ("response_id", "extension_start", "extension_end", "decision_status", "decision_by_id", "decision_at", "decision_comment", "documentation_status", "documentation_by_id", "documentation_at", "documentation_note", "created_at", "updated_at") VALUES (4, '2026-11-08'::date, '2026-11-18'::date, 'approved', 1386, '2026-09-27 18:28:21.894835+00:00'::timestamptz, '', 'data_ready', NULL, NULL, '', '2026-09-27 18:28:21.899487+00:00'::timestamptz, '2026-09-27 18:28:21.899495+00:00'::timestamptz) RETURNING "rotations_watchextensioncase"."id"
2026-09-27T19:07:27.8907084Z  2026-09-27 18:28:21.911 UTC [313] ERROR:  new row for relation "rotations_watchextensioncase" violates check constraint "rot_ext_dates_valid"
2026-09-27T19:07:27.8907832Z  2026-09-27 18:28:21.911 UTC [313] DETAIL:  Failing row contains (8, 2026-11-08, 2026-11-07, pending, null, , not_started, null, , 2026-09-27 18:28:21.911229+00, 2026-09-27 18:28:21.911238+00, null, null, 5).
2026-09-27T19:07:27.8909496Z  2026-09-27 18:28:21.911 UTC [313] STATEMENT:  INSERT INTO "rotations_watchextensioncase" ("response_id", "extension_start", "extension_end", "decision_status", "decision_by_id", "decision_at", "decision_comment", "documentation_status", "documentation_by_id", "documentation_at", "documentation_note", "created_at", "updated_at") VALUES (5, '2026-11-08'::date, '2026-11-07'::date, 'pending', NULL, NULL, '', 'not_started', NULL, NULL, '', '2026-09-27 18:28:21.911229+00:00'::timestamptz, '2026-09-27 18:28:21.911238+00:00'::timestamptz) RETURNING "rotations_watchextensioncase"."id"
2026-09-27T19:07:27.8911017Z  2026-09-27 18:28:21.920 UTC [313] ERROR:  duplicate key value violates unique constraint "uniq_open_rotation_cycle_watch"
2026-09-27T19:07:27.8911613Z  2026-09-27 18:28:21.920 UTC [313] DETAIL:  Key (target_watch_period_id)=(192) already exists.
2026-09-27T19:07:27.8913053Z  2026-09-27 18:28:21.920 UTC [313] STATEMENT:  INSERT INTO "rotations_rotationcollectioncycle" ("name", "target_watch_period_id", "response_deadline", "status", "revision", "created_by_id", "opened_by_id", "opened_at", "closed_by_id", "closed_at", "created_at", "updated_at") VALUES ('Второй сбор', 192, '2026-09-29 18:28:21.920230+00:00'::timestamptz, 'open', 1, 1388, 1388, '2026-09-27 18:28:21.920230+00:00'::timestamptz, NULL, NULL, '2026-09-27 18:28:21.920475+00:00'::timestamptz, '2026-09-27 18:28:21.920483+00:00'::timestamptz) RETURNING "rotations_rotationcollectioncycle"."id"
2026-09-27T19:07:27.8914586Z  2026-09-27 18:28:21.930 UTC [313] ERROR:  new row for relation "rotations_rotationresponse" violates check constraint "rot_resp_submission_valid"
2026-09-27T19:07:27.8915494Z  2026-09-27 18:28:21.930 UTC [313] DETAIL:  Failing row contains (6, Сотрудник Перевахты, , , , , null, pending, arrival, , unknown, null, null, , , , , , null, 2026-09-27 18:28:21.929997+00, 2026-09-27 18:28:21.930006+00, 6, 1389, null).
2026-09-27T19:07:27.8917578Z  2026-09-27 18:28:21.930 UTC [313] STATEMENT:  INSERT INTO "rotations_rotationresponse" ("cycle_id", "employee_id", "snapshot_full_name", "snapshot_personnel_number", "snapshot_position", "snapshot_department", "snapshot_work_schedule", "snapshot_brigade_number", "state", "intent", "next_shift_type", "shift_source", "departure_on", "arrival_on", "route_text", "travel_mode", "transfer_mode", "transport_details", "comment", "submitted_by_id", "submitted_at", "created_at", "updated_at") VALUES (6, 1389, 'Сотрудник Перевахты', '', '', '', '', NULL, 'pending', 'arrival', '', 'unknown', NULL, NULL, '', '', '', '', '', NULL, NULL, '2026-09-27 18:28:21.929997+00:00'::timestamptz, '2026-09-27 18:28:21.930006+00:00'::timestamptz) RETURNING "rotations_rotationresponse"."id"
2026-09-27T19:07:27.8919503Z  2026-09-27 18:28:21.931 UTC [313] ERROR:  new row for relation "rotations_rotationresponse" violates check constraint "rot_resp_submission_valid"
2026-09-27T19:07:27.8920304Z  2026-09-27 18:28:21.931 UTC [313] DETAIL:  Failing row contains (7, Сотрудник Перевахты, , , , , null, pending, , , unknown, null, null, , , , , , 2026-09-27 18:28:21.931084+00, 2026-09-27 18:28:21.931421+00, 2026-09-27 18:28:21.931429+00, 6, 1389, 1389).
2026-09-27T19:07:27.8922651Z  2026-09-27 18:28:21.931 UTC [313] STATEMENT:  INSERT INTO "rotations_rotationresponse" ("cycle_id", "employee_id", "snapshot_full_name", "snapshot_personnel_number", "snapshot_position", "snapshot_department", "snapshot_work_schedule", "snapshot_brigade_number", "state", "intent", "next_shift_type", "shift_source", "departure_on", "arrival_on", "route_text", "travel_mode", "transfer_mode", "transport_details", "comment", "submitted_by_id", "submitted_at", "created_at", "updated_at") VALUES (6, 1389, 'Сотрудник Перевахты', '', '', '', '', NULL, 'pending', '', '', 'unknown', NULL, NULL, '', '', '', '', '', 1389, '2026-09-27 18:28:21.931084+00:00'::timestamptz, '2026-09-27 18:28:21.931421+00:00'::timestamptz, '2026-09-27 18:28:21.931429+00:00'::timestamptz) RETURNING "rotations_rotationresponse"."id"
2026-09-27T19:07:27.8924700Z  2026-09-27 18:28:57.378 UTC [356] ERROR:  duplicate key value violates unique constraint "settlement_settlementcohort_routing_batch_id_key"
2026-09-27T19:07:27.8925214Z  2026-09-27 18:28:57.378 UTC [356] DETAIL:  Key (routing_batch_id)=(129) already exists.
2026-09-27T19:07:27.8927179Z  2026-09-27 18:28:57.378 UTC [356] STATEMENT:  INSERT INTO "settlement_settlementcohort" ("stable_id", "watch_composition_id", "watch_period_id", "version", "status", "source_revision_id", "routing_batch_id", "source_type", "source_id", "source_snapshot", "input_fingerprint", "created_by_id", "approved_by_id", "approved_at", "supersedes_id", "superseded_at", "created_at", "updated_at") VALUES ('8a0c108c45d94e6381ecd27f015c2533'::uuid, 288, 380, 2, 'draft', NULL, 129, 'schema_test', 'cohort-380-2', '{"source": "schema_test"}'::jsonb, 'bbbbbbbbbbbbbbbbbbbbbbbbbbbbbbbbbbbbbbbbbbbbbbbbbbbbbbbbbbbbbbbb', 1782, NULL, NULL, NULL, NULL, '2026-09-27 18:28:57.378253+00:00'::timestamptz, '2026-09-27 18:28:57.378263+00:00'::timestamptz) RETURNING "settlement_settlementcohort"."id"
2026-09-27T19:07:27.8929276Z  2026-09-27 18:28:57.395 UTC [356] ERROR:  new row for relation "settlement_settlementcohort" violates check constraint "cohort_source_family_ck"
2026-09-27T19:07:27.8930419Z  2026-09-27 18:28:57.395 UTC [356] DETAIL:  Failing row contains (51, 21a5505d-1092-48a9-887a-d53c5b04a9af, 1, draft, schema_test, cohort-382-1, {"source": "schema_test"}, bbbbbbbbbbbbbbbbbbbbbbbbbbbbbbbbbbbbbbbbbbbbbbbbbbbbbbbbbbbbbbbb, null, null, 2026-09-27 18:28:57.395593+00, 2026-09-27 18:28:57.395603+00, null, 1782, 23, null, 288, 382, 131).
2026-09-27T19:07:27.8933021Z  2026-09-27 18:28:57.395 UTC [356] STATEMENT:  INSERT INTO "settlement_settlementcohort" ("stable_id", "watch_composition_id", "watch_period_id", "version", "status", "source_revision_id", "routing_batch_id", "source_type", "source_id", "source_snapshot", "input_fingerprint", "created_by_id", "approved_by_id", "approved_at", "supersedes_id", "superseded_at", "created_at", "updated_at") VALUES ('21a5505d109248a9887ad53c5b04a9af'::uuid, 288, 382, 1, 'draft', 23, 131, 'schema_test', 'cohort-382-1', '{"source": "schema_test"}'::jsonb, 'bbbbbbbbbbbbbbbbbbbbbbbbbbbbbbbbbbbbbbbbbbbbbbbbbbbbbbbbbbbbbbbb', 1782, NULL, NULL, NULL, NULL, '2026-09-27 18:28:57.395593+00:00'::timestamptz, '2026-09-27 18:28:57.395603+00:00'::timestamptz) RETURNING "settlement_settlementcohort"."id"
2026-09-27T19:07:27.8935194Z  2026-09-27 18:28:57.412 UTC [356] ERROR:  new row for relation "settlement_settlementcohort" violates check constraint "cohort_source_family_ck"
2026-09-27T19:07:27.8936344Z  2026-09-27 18:28:57.412 UTC [356] DETAIL:  Failing row contains (52, e8b1c934-497b-42b7-a378-a7523f81b6bd, 1, draft, schema_test, cohort-383-1, {"source": "schema_test"}, bbbbbbbbbbbbbbbbbbbbbbbbbbbbbbbbbbbbbbbbbbbbbbbbbbbbbbbbbbbbbbbb, null, null, 2026-09-27 18:28:57.412324+00, 2026-09-27 18:28:57.412334+00, null, 1782, null, null, 288, 383, null).
2026-09-27T19:07:27.8938969Z  2026-09-27 18:28:57.412 UTC [356] STATEMENT:  INSERT INTO "settlement_settlementcohort" ("stable_id", "watch_composition_id", "watch_period_id", "version", "status", "source_revision_id", "routing_batch_id", "source_type", "source_id", "source_snapshot", "input_fingerprint", "created_by_id", "approved_by_id", "approved_at", "supersedes_id", "superseded_at", "created_at", "updated_at") VALUES ('e8b1c934497b42b7a378a7523f81b6bd'::uuid, 288, 383, 1, 'draft', NULL, NULL, 'schema_test', 'cohort-383-1', '{"source": "schema_test"}'::jsonb, 'bbbbbbbbbbbbbbbbbbbbbbbbbbbbbbbbbbbbbbbbbbbbbbbbbbbbbbbbbbbbbbbb', 1782, NULL, NULL, NULL, NULL, '2026-09-27 18:28:57.412324+00:00'::timestamptz, '2026-09-27 18:28:57.412334+00:00'::timestamptz) RETURNING "settlement_settlementcohort"."id"
2026-09-27T19:07:27.8941131Z  2026-09-27 18:28:57.487 UTC [356] ERROR:  new row for relation "settlement_settlementcohortmember" violates check constraint "cohort_member_shift_source_ck"
2026-09-27T19:07:27.8942396Z  2026-09-27 18:28:57.487 UTC [356] DETAIL:  Failing row contains (45, 5d94748f-f336-4846-b3ba-76838e946055, 2035-03-01 14:00:00+00, 2035-03-31 14:00:00+00, participating, , , schema_test, row-152, {"source": "schema_test"}, {}, 2026-09-27 18:28:57.487282+00, 53, null, 186, null, null, null, , , confirmed_brigade_phase, {}, , 152, 259, 262, null, null, , unverified_legacy, null, null).
2026-09-27T19:07:27.8946027Z  2026-09-27 18:28:57.487 UTC [356] STATEMENT:  INSERT INTO "settlement_settlementcohortmember" ("stable_id", "cohort_id", "resident_id", "arrival_at", "departure_at", "participation_status", "reason", "expected_schedule_regime", "watch_profile_source_kind", "employee_watch_profile_change_id", "watch_profile_work_schedule_id", "watch_profile_brigade_number", "watch_profile_watch_composition_id", "watch_profile_fingerprint", "work_shift", "shift_source_kind", "official_equipment_assignment_id", "shift_source_snapshot", "shift_source_fingerprint", "shift_selected_by_access_id", "shift_selected_at", "shift_selection_basis", "source_revision_id", "routing_row_id", "routing_event_id", "brigade_phase_row_id", "basis_type", "basis_id", "basis_snapshot", "production_context_snapshot", "created_at") VALUES ('5d94748ff3364846b3ba76838e946055'::uuid, 53, 186, '2035-03-02 00:00:00+10:00'::timestamptz, '2035-04-01 00:00:00+10:00'::timestamptz, 'participating', '', '', 'unverified_legacy', NULL, NULL, NULL, NULL, '', '', 'confirmed_brigade_phase', NULL, '{}'::jsonb, '', NULL, NULL, '', NULL, 152, 259, 262, 'schema_test', 'row-152', '{"source": "schema_test"}'::jsonb, '{}'::jsonb, '2026-09-27 18:28:57.487282+00:00'::timestamptz) RETURNING "settlement_settlementcohortmember"."id"
2026-09-27T19:07:27.8949345Z  2026-09-27 18:28:57.489 UTC [356] ERROR:  new row for relation "settlement_settlementcohortmember" violates check constraint "cohort_member_source_family_ck"
2026-09-27T19:07:27.8950903Z  2026-09-27 18:28:57.489 UTC [356] DETAIL:  Failing row contains (46, b9e52a00-b114-4360-bd92-9c862bdd09bd, 2035-03-01 14:00:00+00, 2035-03-31 14:00:00+00, participating, , , schema_test, row-152, {"source": "schema_test"}, {}, 2026-09-27 18:28:57.489318+00, 53, null, 186, null, null, null, , cccccccccccccccccccccccccccccccccccccccccccccccccccccccccccccccc, confirmed_brigade_phase, {"source": "schema_test"}, day, 152, 259, null, null, null, , unverified_legacy, null, null).
2026-09-27T19:07:27.8955260Z  2026-09-27 18:28:57.489 UTC [356] STATEMENT:  INSERT INTO "settlement_settlementcohortmember" ("stable_id", "cohort_id", "resident_id", "arrival_at", "departure_at", "participation_status", "reason", "expected_schedule_regime", "watch_profile_source_kind", "employee_watch_profile_change_id", "watch_profile_work_schedule_id", "watch_profile_brigade_number", "watch_profile_watch_composition_id", "watch_profile_fingerprint", "work_shift", "shift_source_kind", "official_equipment_assignment_id", "shift_source_snapshot", "shift_source_fingerprint", "shift_selected_by_access_id", "shift_selected_at", "shift_selection_basis", "source_revision_id", "routing_row_id", "routing_event_id", "brigade_phase_row_id", "basis_type", "basis_id", "basis_snapshot", "production_context_snapshot", "created_at") VALUES ('b9e52a00b1144360bd929c862bdd09bd'::uuid, 53, 186, '2035-03-02 00:00:00+10:00'::timestamptz, '2035-04-01 00:00:00+10:00'::timestamptz, 'participating', '', '', 'unverified_legacy', NULL, NULL, NULL, NULL, '', 'day', 'confirmed_brigade_phase', NULL, '{"source": "schema_test"}'::jsonb, 'cccccccccccccccccccccccccccccccccccccccccccccccccccccccccccccccc', NULL, NULL, '', NULL, 152, 259, NULL, 'schema_test', 'row-152', '{"source": "schema_test"}'::jsonb, '{}'::jsonb, '2026-09-27 18:28:57.489318+00:00'::timestamptz) RETURNING "settlement_settlementcohortmember"."id"
2026-09-27T19:07:27.8958850Z  2026-09-27 18:28:57.491 UTC [356] ERROR:  new row for relation "settlement_settlementcohortmember" violates check constraint "cohort_member_shift_source_ck"
2026-09-27T19:07:27.8960340Z  2026-09-27 18:28:57.491 UTC [356] DETAIL:  Failing row contains (47, ffb0785e-37a5-4922-afae-64c1724d7896, 2035-03-01 14:00:00+00, 2035-03-31 14:00:00+00, participating, , , schema_test, row-152, {"source": "schema_test"}, {}, 2026-09-27 18:28:57.491059+00, 53, null, 186, null, 2026-09-27 18:28:57.486453+00, 1357, manual, cccccccccccccccccccccccccccccccccccccccccccccccccccccccccccccccc, confirmed_brigade_phase, {"source": "schema_test"}, day, 152, 259, 262, null, null, , unverified_legacy, null, null).
2026-09-27T19:07:27.8964729Z  2026-09-27 18:28:57.491 UTC [356] STATEMENT:  INSERT INTO "settlement_settlementcohortmember" ("stable_id", "cohort_id", "resident_id", "arrival_at", "departure_at", "participation_status", "reason", "expected_schedule_regime", "watch_profile_source_kind", "employee_watch_profile_change_id", "watch_profile_work_schedule_id", "watch_profile_brigade_number", "watch_profile_watch_composition_id", "watch_profile_fingerprint", "work_shift", "shift_source_kind", "official_equipment_assignment_id", "shift_source_snapshot", "shift_source_fingerprint", "shift_selected_by_access_id", "shift_selected_at", "shift_selection_basis", "source_revision_id", "routing_row_id", "routing_event_id", "brigade_phase_row_id", "basis_type", "basis_id", "basis_snapshot", "production_context_snapshot", "created_at") VALUES ('ffb0785e37a54922afae64c1724d7896'::uuid, 53, 186, '2035-03-02 00:00:00+10:00'::timestamptz, '2035-04-01 00:00:00+10:00'::timestamptz, 'participating', '', '', 'unverified_legacy', NULL, NULL, NULL, NULL, '', 'day', 'confirmed_brigade_phase', NULL, '{"source": "schema_test"}'::jsonb, 'cccccccccccccccccccccccccccccccccccccccccccccccccccccccccccccccc', 1357, '2026-09-27 18:28:57.486453+00:00'::timestamptz, 'manual', NULL, 152, 259, 262, 'schema_test', 'row-152', '{"source": "schema_test"}'::jsonb, '{}'::jsonb, '2026-09-27 18:28:57.491059+00:00'::timestamptz) RETURNING "settlement_settlementcohortmember"."id"
2026-09-27T19:07:27.8968493Z  2026-09-27 18:28:57.524 UTC [356] ERROR:  new row for relation "settlement_settlementcohortmember" violates check constraint "cohort_member_shift_source_ck"
2026-09-27T19:07:27.8969914Z  2026-09-27 18:28:57.524 UTC [356] DETAIL:  Failing row contains (48, 5b0aa2f7-197b-4256-b31e-7ef64b74b721, 2036-08-22 14:00:00+00, 2036-09-21 14:00:00+00, participating, , , schema_test, row-153, {"source": "schema_test"}, {}, 2026-09-27 18:28:57.524336+00, 54, null, 187, 306, null, null, , cccccccccccccccccccccccccccccccccccccccccccccccccccccccccccccccc, confirmed_brigade_phase, {"source": "schema_test"}, day, 153, 261, 262, null, null, , unverified_legacy, null, null).
2026-09-27T19:07:27.8974244Z  2026-09-27 18:28:57.524 UTC [356] STATEMENT:  INSERT INTO "settlement_settlementcohortmember" ("stable_id", "cohort_id", "resident_id", "arrival_at", "departure_at", "participation_status", "reason", "expected_schedule_regime", "watch_profile_source_kind", "employee_watch_profile_change_id", "watch_profile_work_schedule_id", "watch_profile_brigade_number", "watch_profile_watch_composition_id", "watch_profile_fingerprint", "work_shift", "shift_source_kind", "official_equipment_assignment_id", "shift_source_snapshot", "shift_source_fingerprint", "shift_selected_by_access_id", "shift_selected_at", "shift_selection_basis", "source_revision_id", "routing_row_id", "routing_event_id", "brigade_phase_row_id", "basis_type", "basis_id", "basis_snapshot", "production_context_snapshot", "created_at") VALUES ('5b0aa2f7197b4256b31e7ef64b74b721'::uuid, 54, 187, '2036-08-23 00:00:00+10:00'::timestamptz, '2036-09-22 00:00:00+10:00'::timestamptz, 'participating', '', '', 'unverified_legacy', NULL, NULL, NULL, NULL, '', 'day', 'confirmed_brigade_phase', 306, '{"source": "schema_test"}'::jsonb, 'cccccccccccccccccccccccccccccccccccccccccccccccccccccccccccccccc', NULL, NULL, '', NULL, 153, 261, 262, 'schema_test', 'row-153', '{"source": "schema_test"}'::jsonb, '{}'::jsonb, '2026-09-27 18:28:57.524336+00:00'::timestamptz) RETURNING "settlement_settlementcohortmember"."id"
2026-09-27T19:07:27.8977810Z  2026-09-27 18:28:57.547 UTC [356] ERROR:  new row for relation "settlement_settlementcohortmember" violates check constraint "cohort_member_shift_source_ck"
2026-09-27T19:07:27.8979250Z  2026-09-27 18:28:57.547 UTC [356] DETAIL:  Failing row contains (50, 6c33728a-97a4-483d-b845-0c3eb38c1e6d, 2036-10-21 14:00:00+00, 2036-11-20 14:00:00+00, participating, , , schema_test, row-154, {"source": "schema_test"}, {}, 2026-09-27 18:28:57.547079+00, 55, null, 188, null, null, null, , cccccccccccccccccccccccccccccccccccccccccccccccccccccccccccccccc, internal_assignment, {"source": "schema_test"}, day, 154, 262, 262, null, null, , unverified_legacy, null, null).
2026-09-27T19:07:27.8983464Z  2026-09-27 18:28:57.547 UTC [356] STATEMENT:  INSERT INTO "settlement_settlementcohortmember" ("stable_id", "cohort_id", "resident_id", "arrival_at", "departure_at", "participation_status", "reason", "expected_schedule_regime", "watch_profile_source_kind", "employee_watch_profile_change_id", "watch_profile_work_schedule_id", "watch_profile_brigade_number", "watch_profile_watch_composition_id", "watch_profile_fingerprint", "work_shift", "shift_source_kind", "official_equipment_assignment_id", "shift_source_snapshot", "shift_source_fingerprint", "shift_selected_by_access_id", "shift_selected_at", "shift_selection_basis", "source_revision_id", "routing_row_id", "routing_event_id", "brigade_phase_row_id", "basis_type", "basis_id", "basis_snapshot", "production_context_snapshot", "created_at") VALUES ('6c33728a97a4483db8450c3eb38c1e6d'::uuid, 55, 188, '2036-10-22 00:00:00+10:00'::timestamptz, '2036-11-21 00:00:00+10:00'::timestamptz, 'participating', '', '', 'unverified_legacy', NULL, NULL, NULL, NULL, '', 'day', 'internal_assignment', NULL, '{"source": "schema_test"}'::jsonb, 'cccccccccccccccccccccccccccccccccccccccccccccccccccccccccccccccc', NULL, NULL, '', NULL, 154, 262, 262, 'schema_test', 'row-154', '{"source": "schema_test"}'::jsonb, '{}'::jsonb, '2026-09-27 18:28:57.547079+00:00'::timestamptz) RETURNING "settlement_settlementcohortmember"."id"
2026-09-27T19:07:27.8987188Z  2026-09-27 18:28:57.678 UTC [356] ERROR:  new row for relation "settlement_settlementcohortmember" violates check constraint "cohort_member_source_family_ck"
2026-09-27T19:07:27.8988701Z  2026-09-27 18:28:57.678 UTC [356] DETAIL:  Failing row contains (52, 44280acf-20e1-43e2-a98c-631190b34928, 2037-02-18 14:00:00+00, 2037-03-20 14:00:00+00, participating, , , schema_test, row-158, {"source": "schema_test"}, {}, 2026-09-27 18:28:57.678398+00, 57, null, 192, null, 2026-09-27 18:28:57.677651+00, 1359, legacy basis, cccccccccccccccccccccccccccccccccccccccccccccccccccccccccccccccc, external_clerk, {"source": "schema_test"}, day, 158, 266, 264, null, null, , unverified_legacy, null, null).
2026-09-27T19:07:27.8993188Z  2026-09-27 18:28:57.678 UTC [356] STATEMENT:  INSERT INTO "settlement_settlementcohortmember" ("stable_id", "cohort_id", "resident_id", "arrival_at", "departure_at", "participation_status", "reason", "expected_schedule_regime", "watch_profile_source_kind", "employee_watch_profile_change_id", "watch_profile_work_schedule_id", "watch_profile_brigade_number", "watch_profile_watch_composition_id", "watch_profile_fingerprint", "work_shift", "shift_source_kind", "official_equipment_assignment_id", "shift_source_snapshot", "shift_source_fingerprint", "shift_selected_by_access_id", "shift_selected_at", "shift_selection_basis", "source_revision_id", "routing_row_id", "routing_event_id", "brigade_phase_row_id", "basis_type", "basis_id", "basis_snapshot", "production_context_snapshot", "created_at") VALUES ('44280acf20e143e2a98c631190b34928'::uuid, 57, 192, '2037-02-19 00:00:00+10:00'::timestamptz, '2037-03-21 00:00:00+10:00'::timestamptz, 'participating', '', '', 'unverified_legacy', NULL, NULL, NULL, NULL, '', 'day', 'external_clerk', NULL, '{"source": "schema_test"}'::jsonb, 'cccccccccccccccccccccccccccccccccccccccccccccccccccccccccccccccc', 1359, '2026-09-27 18:28:57.677651+00:00'::timestamptz, 'legacy basis', NULL, 158, 266, 264, 'schema_test', 'row-158', '{"source": "schema_test"}'::jsonb, '{}'::jsonb, '2026-09-27 18:28:57.678398+00:00'::timestamptz) RETURNING "settlement_settlementcohortmember"."id"
2026-09-27T19:07:27.8996874Z  2026-09-27 18:28:57.697 UTC [356] ERROR:  new row for relation "settlement_settlementcohortmember" violates check constraint "cohort_member_source_family_ck"
2026-09-27T19:07:27.8998050Z  2026-09-27 18:28:57.697 UTC [356] DETAIL:  Failing row contains (53, 372ca4b9-5596-4c7a-a201-cacf9c025294, 2037-04-19 14:00:00+00, 2037-05-19 14:00:00+00, participating, , , schema_test, row-159, {"source": "schema_test"}, {}, 2026-09-27 18:28:57.697097+00, 58, null, 193, null, null, null, , , unverified_legacy, {}, , 159, 267, 264, null, null, , unverified_legacy, null, null).
2026-09-27T19:07:27.9001696Z  2026-09-27 18:28:57.697 UTC [356] STATEMENT:  INSERT INTO "settlement_settlementcohortmember" ("stable_id", "cohort_id", "resident_id", "arrival_at", "departure_at", "participation_status", "reason", "expected_schedule_regime", "watch_profile_source_kind", "employee_watch_profile_change_id", "watch_profile_work_schedule_id", "watch_profile_brigade_number", "watch_profile_watch_composition_id", "watch_profile_fingerprint", "work_shift", "shift_source_kind", "official_equipment_assignment_id", "shift_source_snapshot", "shift_source_fingerprint", "shift_selected_by_access_id", "shift_selected_at", "shift_selection_basis", "source_revision_id", "routing_row_id", "routing_event_id", "brigade_phase_row_id", "basis_type", "basis_id", "basis_snapshot", "production_context_snapshot", "created_at") VALUES ('372ca4b955964c7aa201cacf9c025294'::uuid, 58, 193, '2037-04-20 00:00:00+10:00'::timestamptz, '2037-05-20 00:00:00+10:00'::timestamptz, 'participating', '', '', 'unverified_legacy', NULL, NULL, NULL, NULL, '', '', 'unverified_legacy', NULL, '{}'::jsonb, '', NULL, NULL, '', NULL, 159, 267, 264, 'schema_test', 'row-159', '{"source": "schema_test"}'::jsonb, '{}'::jsonb, '2026-09-27 18:28:57.697097+00:00'::timestamptz) RETURNING "settlement_settlementcohortmember"."id"
2026-09-27T19:07:27.9005132Z  2026-09-27 18:28:57.802 UTC [356] ERROR:  new row for relation "settlement_settlementcohortmember" violates check constraint "cohort_member_source_family_ck"
2026-09-27T19:07:27.9006621Z  2026-09-27 18:28:57.802 UTC [356] DETAIL:  Failing row contains (57, 58a33cf9-2ee5-4331-bdab-19f323a75baf, 2036-02-24 14:00:00+00, 2036-03-25 14:00:00+00, participating, , , schema_test, row-163, {"source": "schema_test"}, {}, 2026-09-27 18:28:57.802256+00, 62, 27, 197, null, null, null, , cccccccccccccccccccccccccccccccccccccccccccccccccccccccccccccccc, confirmed_brigade_phase, {"source": "schema_test"}, day, 163, 271, 265, null, null, , unverified_legacy, null, null).
2026-09-27T19:07:27.9010897Z  2026-09-27 18:28:57.802 UTC [356] STATEMENT:  INSERT INTO "settlement_settlementcohortmember" ("stable_id", "cohort_id", "resident_id", "arrival_at", "departure_at", "participation_status", "reason", "expected_schedule_regime", "watch_profile_source_kind", "employee_watch_profile_change_id", "watch_profile_work_schedule_id", "watch_profile_brigade_number", "watch_profile_watch_composition_id", "watch_profile_fingerprint", "work_shift", "shift_source_kind", "official_equipment_assignment_id", "shift_source_snapshot", "shift_source_fingerprint", "shift_selected_by_access_id", "shift_selected_at", "shift_selection_basis", "source_revision_id", "routing_row_id", "routing_event_id", "brigade_phase_row_id", "basis_type", "basis_id", "basis_snapshot", "production_context_snapshot", "created_at") VALUES ('58a33cf92ee54331bdab19f323a75baf'::uuid, 62, 197, '2036-02-25 00:00:00+10:00'::timestamptz, '2036-03-26 00:00:00+10:00'::timestamptz, 'participating', '', '', 'unverified_legacy', NULL, NULL, NULL, NULL, '', 'day', 'confirmed_brigade_phase', NULL, '{"source": "schema_test"}'::jsonb, 'cccccccccccccccccccccccccccccccccccccccccccccccccccccccccccccccc', NULL, NULL, '', 27, 163, 271, 265, 'schema_test', 'row-163', '{"source": "schema_test"}'::jsonb, '{}'::jsonb, '2026-09-27 18:28:57.802256+00:00'::timestamptz) RETURNING "settlement_settlementcohortmember"."id"
2026-09-27T19:07:27.9014599Z  2026-09-27 18:28:57.822 UTC [356] ERROR:  new row for relation "settlement_settlementcohortmember" violates check constraint "cohort_member_source_family_ck"
2026-09-27T19:07:27.9016058Z  2026-09-27 18:28:57.822 UTC [356] DETAIL:  Failing row contains (58, 10dba95d-244d-45e3-b1e3-32b72180868c, 2037-06-18 14:00:00+00, 2037-07-18 14:00:00+00, participating, , , schema_test, row-164, {"source": "schema_test"}, {}, 2026-09-27 18:28:57.821521+00, 63, null, 198, null, null, null, , cccccccccccccccccccccccccccccccccccccccccccccccccccccccccccccccc, confirmed_brigade_phase, {"source": "schema_test"}, day, null, null, null, null, null, , unverified_legacy, null, null).
2026-09-27T19:07:27.9020227Z  2026-09-27 18:28:57.822 UTC [356] STATEMENT:  INSERT INTO "settlement_settlementcohortmember" ("stable_id", "cohort_id", "resident_id", "arrival_at", "departure_at", "participation_status", "reason", "expected_schedule_regime", "watch_profile_source_kind", "employee_watch_profile_change_id", "watch_profile_work_schedule_id", "watch_profile_brigade_number", "watch_profile_watch_composition_id", "watch_profile_fingerprint", "work_shift", "shift_source_kind", "official_equipment_assignment_id", "shift_source_snapshot", "shift_source_fingerprint", "shift_selected_by_access_id", "shift_selected_at", "shift_selection_basis", "source_revision_id", "routing_row_id", "routing_event_id", "brigade_phase_row_id", "basis_type", "basis_id", "basis_snapshot", "production_context_snapshot", "created_at") VALUES ('10dba95d244d45e3b1e332b72180868c'::uuid, 63, 198, '2037-06-19 00:00:00+10:00'::timestamptz, '2037-07-19 00:00:00+10:00'::timestamptz, 'participating', '', '', 'unverified_legacy', NULL, NULL, NULL, NULL, '', 'day', 'confirmed_brigade_phase', NULL, '{"source": "schema_test"}'::jsonb, 'cccccccccccccccccccccccccccccccccccccccccccccccccccccccccccccccc', NULL, NULL, '', NULL, NULL, NULL, NULL, 'schema_test', 'row-164', '{"source": "schema_test"}'::jsonb, '{}'::jsonb, '2026-09-27 18:28:57.821521+00:00'::timestamptz) RETURNING "settlement_settlementcohortmember"."id"
2026-09-27T19:07:27.9023987Z  2026-09-27 18:28:57.937 UTC [356] ERROR:  duplicate key value violates unique constraint "settlement_settlementcohortmember_routing_row_id_key"
2026-09-27T19:07:27.9024513Z  2026-09-27 18:28:57.937 UTC [356] DETAIL:  Key (routing_row_id)=(166) already exists.
2026-09-27T19:07:27.9027873Z  2026-09-27 18:28:57.937 UTC [356] STATEMENT:  INSERT INTO "settlement_settlementcohortmember" ("stable_id", "cohort_id", "resident_id", "arrival_at", "departure_at", "participation_status", "reason", "expected_schedule_regime", "watch_profile_source_kind", "employee_watch_profile_change_id", "watch_profile_work_schedule_id", "watch_profile_brigade_number", "watch_profile_watch_composition_id", "watch_profile_fingerprint", "work_shift", "shift_source_kind", "official_equipment_assignment_id", "shift_source_snapshot", "shift_source_fingerprint", "shift_selected_by_access_id", "shift_selected_at", "shift_selection_basis", "source_revision_id", "routing_row_id", "routing_event_id", "brigade_phase_row_id", "basis_type", "basis_id", "basis_snapshot", "production_context_snapshot", "created_at") VALUES ('b62b5ee4bd3545739d7df83a167436ef'::uuid, 65, 201, '2036-04-25 00:00:00+10:00'::timestamptz, '2036-05-25 00:00:00+10:00'::timestamptz, 'participating', '', '', 'unverified_legacy', NULL, NULL, NULL, NULL, '', 'day', 'confirmed_brigade_phase', NULL, '{"source": "schema_test"}'::jsonb, 'cccccccccccccccccccccccccccccccccccccccccccccccccccccccccccccccc', NULL, NULL, '', NULL, 166, 275, 267, 'schema_test', 'row-167', '{"source": "schema_test"}'::jsonb, '{}'::jsonb, '2026-09-27 18:28:57.936784+00:00'::timestamptz) RETURNING "settlement_settlementcohortmember"."id"
2026-09-27T19:07:27.9031520Z  2026-09-27 18:28:57.956 UTC [356] ERROR:  duplicate key value violates unique constraint "settlement_settlementcohortmember_routing_event_id_key"
2026-09-27T19:07:27.9032050Z  2026-09-27 18:28:57.956 UTC [356] DETAIL:  Key (routing_event_id)=(274) already exists.
2026-09-27T19:07:27.9035325Z  2026-09-27 18:28:57.956 UTC [356] STATEMENT:  INSERT INTO "settlement_settlementcohortmember" ("stable_id", "cohort_id", "resident_id", "arrival_at", "departure_at", "participation_status", "reason", "expected_schedule_regime", "watch_profile_source_kind", "employee_watch_profile_change_id", "watch_profile_work_schedule_id", "watch_profile_brigade_number", "watch_profile_watch_composition_id", "watch_profile_fingerprint", "work_shift", "shift_source_kind", "official_equipment_assignment_id", "shift_source_snapshot", "shift_source_fingerprint", "shift_selected_by_access_id", "shift_selected_at", "shift_selection_basis", "source_revision_id", "routing_row_id", "routing_event_id", "brigade_phase_row_id", "basis_type", "basis_id", "basis_snapshot", "production_context_snapshot", "created_at") VALUES ('b1ca376c8d9f4fd0832497a8e599e4e3'::uuid, 66, 202, '2036-06-24 00:00:00+10:00'::timestamptz, '2036-07-24 00:00:00+10:00'::timestamptz, 'participating', '', '', 'unverified_legacy', NULL, NULL, NULL, NULL, '', 'day', 'confirmed_brigade_phase', NULL, '{"source": "schema_test"}'::jsonb, 'cccccccccccccccccccccccccccccccccccccccccccccccccccccccccccccccc', NULL, NULL, '', NULL, 168, 274, 267, 'schema_test', 'row-168', '{"source": "schema_test"}'::jsonb, '{}'::jsonb, '2026-09-27 18:28:57.955493+00:00'::timestamptz) RETURNING "settlement_settlementcohortmember"."id"
2026-09-27T19:07:27.9038913Z  2026-09-27 18:29:03.239 UTC [360] ERROR:  new row for relation "settlement_settlementcohortmember" violates check constraint "cohort_member_watch_profile_shape_ck"
2026-09-27T19:07:27.9040573Z  2026-09-27 18:29:03.239 UTC [360] DETAIL:  Failing row contains (64, beeb5057-ebdd-49da-a090-03b820991a91, 2038-12-26 14:00:00+00, 2039-01-24 14:00:00+00, participating, , , schema_test, routing-217, {"schema": 1}, {}, 2026-09-27 18:29:03.239252+00, 69, null, 251, null, null, null, , dddddddddddddddddddddddddddddddddddddddddddddddddddddddddddddddd, confirmed_brigade_phase, {"source": "watch_profile_schema_test"}, day, 217, 368, 339, null, 1, eeeeeeeeeeeeeeeeeeeeeeeeeeeeeeeeeeeeeeeeeeeeeeeeeeeeeeeeeeeeeeee, applied_change, 329, 91).
2026-09-27T19:07:27.9045450Z  2026-09-27 18:29:03.239 UTC [360] STATEMENT:  INSERT INTO "settlement_settlementcohortmember" ("stable_id", "cohort_id", "resident_id", "arrival_at", "departure_at", "participation_status", "reason", "expected_schedule_regime", "watch_profile_source_kind", "employee_watch_profile_change_id", "watch_profile_work_schedule_id", "watch_profile_brigade_number", "watch_profile_watch_composition_id", "watch_profile_fingerprint", "work_shift", "shift_source_kind", "official_equipment_assignment_id", "shift_source_snapshot", "shift_source_fingerprint", "shift_selected_by_access_id", "shift_selected_at", "shift_selection_basis", "source_revision_id", "routing_row_id", "routing_event_id", "brigade_phase_row_id", "basis_type", "basis_id", "basis_snapshot", "production_context_snapshot", "created_at") VALUES ('beeb5057ebdd49daa09003b820991a91'::uuid, 69, 251, '2038-12-27 00:00:00+10:00'::timestamptz, '2039-01-25 00:00:00+10:00'::timestamptz, 'participating', '', '', 'applied_change', NULL, 91, 1, 329, 'eeeeeeeeeeeeeeeeeeeeeeeeeeeeeeeeeeeeeeeeeeeeeeeeeeeeeeeeeeeeeeee', 'day', 'confirmed_brigade_phase', NULL, '{"source": "watch_profile_schema_test"}'::jsonb, 'dddddddddddddddddddddddddddddddddddddddddddddddddddddddddddddddd', NULL, NULL, '', NULL, 217, 368, 339, 'schema_test', 'routing-217', '{"schema": 1}'::jsonb, '{}'::jsonb, '2026-09-27 18:29:03.239252+00:00'::timestamptz) RETURNING "settlement_settlementcohortmember"."id"
2026-09-27T19:07:27.9049302Z  2026-09-27 18:29:03.263 UTC [360] ERROR:  new row for relation "settlement_settlementcohortmember" violates check constraint "cohort_member_watch_profile_schedule_ck"
2026-09-27T19:07:27.9050972Z  2026-09-27 18:29:03.263 UTC [360] DETAIL:  Failing row contains (65, dc1970c3-bb7e-4982-849d-41bd381455b3, 2038-12-26 14:00:00+00, 2039-01-24 14:00:00+00, participating, , , schema_test, routing-218, {"schema": 1}, {}, 2026-09-27 18:29:03.263423+00, 70, null, 252, null, null, null, , dddddddddddddddddddddddddddddddddddddddddddddddddddddddddddddddd, confirmed_brigade_phase, {"source": "watch_profile_schema_test"}, day, 218, 369, 340, 118, 1, eeeeeeeeeeeeeeeeeeeeeeeeeeeeeeeeeeeeeeeeeeeeeeeeeeeeeeeeeeeeeeee, applied_change, 329, null).
2026-09-27T19:07:27.9055601Z  2026-09-27 18:29:03.263 UTC [360] STATEMENT:  INSERT INTO "settlement_settlementcohortmember" ("stable_id", "cohort_id", "resident_id", "arrival_at", "departure_at", "participation_status", "reason", "expected_schedule_regime", "watch_profile_source_kind", "employee_watch_profile_change_id", "watch_profile_work_schedule_id", "watch_profile_brigade_number", "watch_profile_watch_composition_id", "watch_profile_fingerprint", "work_shift", "shift_source_kind", "official_equipment_assignment_id", "shift_source_snapshot", "shift_source_fingerprint", "shift_selected_by_access_id", "shift_selected_at", "shift_selection_basis", "source_revision_id", "routing_row_id", "routing_event_id", "brigade_phase_row_id", "basis_type", "basis_id", "basis_snapshot", "production_context_snapshot", "created_at") VALUES ('dc1970c3bb7e4982849d41bd381455b3'::uuid, 70, 252, '2038-12-27 00:00:00+10:00'::timestamptz, '2039-01-25 00:00:00+10:00'::timestamptz, 'participating', '', '', 'applied_change', 118, NULL, 1, 329, 'eeeeeeeeeeeeeeeeeeeeeeeeeeeeeeeeeeeeeeeeeeeeeeeeeeeeeeeeeeeeeeee', 'day', 'confirmed_brigade_phase', NULL, '{"source": "watch_profile_schema_test"}'::jsonb, 'dddddddddddddddddddddddddddddddddddddddddddddddddddddddddddddddd', NULL, NULL, '', NULL, 218, 369, 340, 'schema_test', 'routing-218', '{"schema": 1}'::jsonb, '{}'::jsonb, '2026-09-27 18:29:03.263423+00:00'::timestamptz) RETURNING "settlement_settlementcohortmember"."id"
2026-09-27T19:07:27.9059409Z  2026-09-27 18:29:03.288 UTC [360] ERROR:  new row for relation "settlement_settlementcohortmember" violates check constraint "cohort_member_watch_profile_shape_ck"
2026-09-27T19:07:27.9061159Z  2026-09-27 18:29:03.288 UTC [360] DETAIL:  Failing row contains (66, d4d2d700-67c1-4d5e-a04f-3bdeac16ba23, 2038-12-26 14:00:00+00, 2039-01-24 14:00:00+00, participating, , , schema_test, routing-219, {"schema": 1}, {}, 2026-09-27 18:29:03.287917+00, 71, null, 253, null, null, null, , dddddddddddddddddddddddddddddddddddddddddddddddddddddddddddddddd, confirmed_brigade_phase, {"source": "watch_profile_schema_test"}, day, 219, 370, 341, 119, 1, eeeeeeeeeeeeeeeeeeeeeeeeeeeeeeeeeeeeeeeeeeeeeeeeeeeeeeeeeeeeeeee, applied_change, null, 91).
2026-09-27T19:07:27.9065927Z  2026-09-27 18:29:03.288 UTC [360] STATEMENT:  INSERT INTO "settlement_settlementcohortmember" ("stable_id", "cohort_id", "resident_id", "arrival_at", "departure_at", "participation_status", "reason", "expected_schedule_regime", "watch_profile_source_kind", "employee_watch_profile_change_id", "watch_profile_work_schedule_id", "watch_profile_brigade_number", "watch_profile_watch_composition_id", "watch_profile_fingerprint", "work_shift", "shift_source_kind", "official_equipment_assignment_id", "shift_source_snapshot", "shift_source_fingerprint", "shift_selected_by_access_id", "shift_selected_at", "shift_selection_basis", "source_revision_id", "routing_row_id", "routing_event_id", "brigade_phase_row_id", "basis_type", "basis_id", "basis_snapshot", "production_context_snapshot", "created_at") VALUES ('d4d2d70067c14d5ea04f3bdeac16ba23'::uuid, 71, 253, '2038-12-27 00:00:00+10:00'::timestamptz, '2039-01-25 00:00:00+10:00'::timestamptz, 'participating', '', '', 'applied_change', 119, 91, 1, NULL, 'eeeeeeeeeeeeeeeeeeeeeeeeeeeeeeeeeeeeeeeeeeeeeeeeeeeeeeeeeeeeeeee', 'day', 'confirmed_brigade_phase', NULL, '{"source": "watch_profile_schema_test"}'::jsonb, 'dddddddddddddddddddddddddddddddddddddddddddddddddddddddddddddddd', NULL, NULL, '', NULL, 219, 370, 341, 'schema_test', 'routing-219', '{"schema": 1}'::jsonb, '{}'::jsonb, '2026-09-27 18:29:03.287917+00:00'::timestamptz) RETURNING "settlement_settlementcohortmember"."id"
2026-09-27T19:07:27.9069743Z  2026-09-27 18:29:03.559 UTC [360] ERROR:  new row for relation "settlement_settlementcohortmember" violates check constraint "cohort_member_watch_profile_schedule_ck"
2026-09-27T19:07:27.9071516Z  2026-09-27 18:29:03.559 UTC [360] DETAIL:  Failing row contains (74, 8744ecfd-2ba8-439d-b9dc-c4b443d5d4fa, 2038-08-28 14:00:00+00, 2038-09-26 14:00:00+00, participating, , , schema_test, routing-227, {"schema": 1}, {}, 2026-09-27 18:29:03.559212+00, 79, null, 261, null, null, null, , dddddddddddddddddddddddddddddddddddddddddddddddddddddddddddddddd, confirmed_brigade_phase, {"source": "watch_profile_schema_test"}, day, 227, 378, 349, null, 1, eeeeeeeeeeeeeeeeeeeeeeeeeeeeeeeeeeeeeeeeeeeeeeeeeeeeeeeeeeeeeeee, legacy_baseline, 329, null).
2026-09-27T19:07:27.9076051Z  2026-09-27 18:29:03.559 UTC [360] STATEMENT:  INSERT INTO "settlement_settlementcohortmember" ("stable_id", "cohort_id", "resident_id", "arrival_at", "departure_at", "participation_status", "reason", "expected_schedule_regime", "watch_profile_source_kind", "employee_watch_profile_change_id", "watch_profile_work_schedule_id", "watch_profile_brigade_number", "watch_profile_watch_composition_id", "watch_profile_fingerprint", "work_shift", "shift_source_kind", "official_equipment_assignment_id", "shift_source_snapshot", "shift_source_fingerprint", "shift_selected_by_access_id", "shift_selected_at", "shift_selection_basis", "source_revision_id", "routing_row_id", "routing_event_id", "brigade_phase_row_id", "basis_type", "basis_id", "basis_snapshot", "production_context_snapshot", "created_at") VALUES ('8744ecfd2ba8439db9dcc4b443d5d4fa'::uuid, 79, 261, '2038-08-29 00:00:00+10:00'::timestamptz, '2038-09-27 00:00:00+10:00'::timestamptz, 'participating', '', '', 'legacy_baseline', NULL, NULL, 1, 329, 'eeeeeeeeeeeeeeeeeeeeeeeeeeeeeeeeeeeeeeeeeeeeeeeeeeeeeeeeeeeeeeee', 'day', 'confirmed_brigade_phase', NULL, '{"source": "watch_profile_schema_test"}'::jsonb, 'dddddddddddddddddddddddddddddddddddddddddddddddddddddddddddddddd', NULL, NULL, '', NULL, 227, 378, 349, 'schema_test', 'routing-227', '{"schema": 1}'::jsonb, '{}'::jsonb, '2026-09-27 18:29:03.559212+00:00'::timestamptz) RETURNING "settlement_settlementcohortmember"."id"
2026-09-27T19:07:27.9080053Z  2026-09-27 18:29:03.561 UTC [360] ERROR:  new row for relation "settlement_settlementcohortmember" violates check constraint "cohort_member_watch_profile_brigade_ck"
2026-09-27T19:07:27.9081802Z  2026-09-27 18:29:03.561 UTC [360] DETAIL:  Failing row contains (75, f8f55395-59e4-40da-a0f6-106fccf914fe, 2038-08-28 14:00:00+00, 2038-09-26 14:00:00+00, participating, , , schema_test, routing-227, {"schema": 1}, {}, 2026-09-27 18:29:03.561046+00, 79, null, 261, null, null, null, , dddddddddddddddddddddddddddddddddddddddddddddddddddddddddddddddd, confirmed_brigade_phase, {"source": "watch_profile_schema_test"}, day, 227, 378, 349, null, 0, eeeeeeeeeeeeeeeeeeeeeeeeeeeeeeeeeeeeeeeeeeeeeeeeeeeeeeeeeeeeeeee, legacy_baseline, 329, 91).
2026-09-27T19:07:27.9086422Z  2026-09-27 18:29:03.561 UTC [360] STATEMENT:  INSERT INTO "settlement_settlementcohortmember" ("stable_id", "cohort_id", "resident_id", "arrival_at", "departure_at", "participation_status", "reason", "expected_schedule_regime", "watch_profile_source_kind", "employee_watch_profile_change_id", "watch_profile_work_schedule_id", "watch_profile_brigade_number", "watch_profile_watch_composition_id", "watch_profile_fingerprint", "work_shift", "shift_source_kind", "official_equipment_assignment_id", "shift_source_snapshot", "shift_source_fingerprint", "shift_selected_by_access_id", "shift_selected_at", "shift_selection_basis", "source_revision_id", "routing_row_id", "routing_event_id", "brigade_phase_row_id", "basis_type", "basis_id", "basis_snapshot", "production_context_snapshot", "created_at") VALUES ('f8f5539559e440daa0f6106fccf914fe'::uuid, 79, 261, '2038-08-29 00:00:00+10:00'::timestamptz, '2038-09-27 00:00:00+10:00'::timestamptz, 'participating', '', '', 'legacy_baseline', NULL, 91, 0, 329, 'eeeeeeeeeeeeeeeeeeeeeeeeeeeeeeeeeeeeeeeeeeeeeeeeeeeeeeeeeeeeeeee', 'day', 'confirmed_brigade_phase', NULL, '{"source": "watch_profile_schema_test"}'::jsonb, 'dddddddddddddddddddddddddddddddddddddddddddddddddddddddddddddddd', NULL, NULL, '', NULL, 227, 378, 349, 'schema_test', 'routing-227', '{"schema": 1}'::jsonb, '{}'::jsonb, '2026-09-27 18:29:03.561046+00:00'::timestamptz) RETURNING "settlement_settlementcohortmember"."id"
2026-09-27T19:07:27.9090250Z  2026-09-27 18:29:03.563 UTC [360] ERROR:  new row for relation "settlement_settlementcohortmember" violates check constraint "cohort_member_watch_profile_shape_ck"
2026-09-27T19:07:27.9091971Z  2026-09-27 18:29:03.563 UTC [360] DETAIL:  Failing row contains (76, 5508b9e9-1673-44be-964b-5b23c1719974, 2038-08-28 14:00:00+00, 2038-09-26 14:00:00+00, participating, , , schema_test, routing-227, {"schema": 1}, {}, 2026-09-27 18:29:03.562797+00, 79, null, 261, null, null, null, , dddddddddddddddddddddddddddddddddddddddddddddddddddddddddddddddd, confirmed_brigade_phase, {"source": "watch_profile_schema_test"}, day, 227, 378, 349, null, 1, aaaaaaaaaaaaaaaaaaaaaaaaaaaaaaaaaaaaaaaaaaaaaaaaaaaaaaaaaaaaaaa, legacy_baseline, 329, 91).
2026-09-27T19:07:27.9096499Z  2026-09-27 18:29:03.563 UTC [360] STATEMENT:  INSERT INTO "settlement_settlementcohortmember" ("stable_id", "cohort_id", "resident_id", "arrival_at", "departure_at", "participation_status", "reason", "expected_schedule_regime", "watch_profile_source_kind", "employee_watch_profile_change_id", "watch_profile_work_schedule_id", "watch_profile_brigade_number", "watch_profile_watch_composition_id", "watch_profile_fingerprint", "work_shift", "shift_source_kind", "official_equipment_assignment_id", "shift_source_snapshot", "shift_source_fingerprint", "shift_selected_by_access_id", "shift_selected_at", "shift_selection_basis", "source_revision_id", "routing_row_id", "routing_event_id", "brigade_phase_row_id", "basis_type", "basis_id", "basis_snapshot", "production_context_snapshot", "created_at") VALUES ('5508b9e9167344be964b5b23c1719974'::uuid, 79, 261, '2038-08-29 00:00:00+10:00'::timestamptz, '2038-09-27 00:00:00+10:00'::timestamptz, 'participating', '', '', 'legacy_baseline', NULL, 91, 1, 329, 'aaaaaaaaaaaaaaaaaaaaaaaaaaaaaaaaaaaaaaaaaaaaaaaaaaaaaaaaaaaaaaa', 'day', 'confirmed_brigade_phase', NULL, '{"source": "watch_profile_schema_test"}'::jsonb, 'dddddddddddddddddddddddddddddddddddddddddddddddddddddddddddddddd', NULL, NULL, '', NULL, 227, 378, 349, 'schema_test', 'routing-227', '{"schema": 1}'::jsonb, '{}'::jsonb, '2026-09-27 18:29:03.562797+00:00'::timestamptz) RETURNING "settlement_settlementcohortmember"."id"
2026-09-27T19:07:27.9100380Z  2026-09-27 18:29:03.565 UTC [360] ERROR:  new row for relation "settlement_settlementcohortmember" violates check constraint "cohort_member_watch_profile_shape_ck"
2026-09-27T19:07:27.9102098Z  2026-09-27 18:29:03.565 UTC [360] DETAIL:  Failing row contains (77, 9945b0a9-15d6-4fe6-b57b-1d9847b55355, 2038-08-28 14:00:00+00, 2038-09-26 14:00:00+00, participating, , , schema_test, routing-227, {"schema": 1}, {}, 2026-09-27 18:29:03.564529+00, 79, null, 261, null, null, null, , dddddddddddddddddddddddddddddddddddddddddddddddddddddddddddddddd, confirmed_brigade_phase, {"source": "watch_profile_schema_test"}, day, 227, 378, 349, null, 1, AAAAAAAAAAAAAAAAAAAAAAAAAAAAAAAAAAAAAAAAAAAAAAAAAAAAAAAAAAAAAAAA, legacy_baseline, 329, 91).
2026-09-27T19:07:27.9106699Z  2026-09-27 18:29:03.565 UTC [360] STATEMENT:  INSERT INTO "settlement_settlementcohortmember" ("stable_id", "cohort_id", "resident_id", "arrival_at", "departure_at", "participation_status", "reason", "expected_schedule_regime", "watch_profile_source_kind", "employee_watch_profile_change_id", "watch_profile_work_schedule_id", "watch_profile_brigade_number", "watch_profile_watch_composition_id", "watch_profile_fingerprint", "work_shift", "shift_source_kind", "official_equipment_assignment_id", "shift_source_snapshot", "shift_source_fingerprint", "shift_selected_by_access_id", "shift_selected_at", "shift_selection_basis", "source_revision_id", "routing_row_id", "routing_event_id", "brigade_phase_row_id", "basis_type", "basis_id", "basis_snapshot", "production_context_snapshot", "created_at") VALUES ('9945b0a915d64fe6b57b1d9847b55355'::uuid, 79, 261, '2038-08-29 00:00:00+10:00'::timestamptz, '2038-09-27 00:00:00+10:00'::timestamptz, 'participating', '', '', 'legacy_baseline', NULL, 91, 1, 329, 'AAAAAAAAAAAAAAAAAAAAAAAAAAAAAAAAAAAAAAAAAAAAAAAAAAAAAAAAAAAAAAAA', 'day', 'confirmed_brigade_phase', NULL, '{"source": "watch_profile_schema_test"}'::jsonb, 'dddddddddddddddddddddddddddddddddddddddddddddddddddddddddddddddd', NULL, NULL, '', NULL, 227, 378, 349, 'schema_test', 'routing-227', '{"schema": 1}'::jsonb, '{}'::jsonb, '2026-09-27 18:29:03.564529+00:00'::timestamptz) RETURNING "settlement_settlementcohortmember"."id"
2026-09-27T19:07:27.9110460Z  2026-09-27 18:29:03.566 UTC [360] ERROR:  new row for relation "settlement_settlementcohortmember" violates check constraint "cohort_member_watch_profile_shape_ck"
2026-09-27T19:07:27.9112182Z  2026-09-27 18:29:03.566 UTC [360] DETAIL:  Failing row contains (78, f0bbdd5b-30a0-4a6b-a15d-0c4efd0ec818, 2038-08-28 14:00:00+00, 2038-09-26 14:00:00+00, participating, , , schema_test, routing-227, {"schema": 1}, {}, 2026-09-27 18:29:03.566241+00, 79, null, 261, null, null, null, , dddddddddddddddddddddddddddddddddddddddddddddddddddddddddddddddd, confirmed_brigade_phase, {"source": "watch_profile_schema_test"}, day, 227, 378, 349, null, 1, gggggggggggggggggggggggggggggggggggggggggggggggggggggggggggggggg, legacy_baseline, 329, 91).
2026-09-27T19:07:27.9116765Z  2026-09-27 18:29:03.566 UTC [360] STATEMENT:  INSERT INTO "settlement_settlementcohortmember" ("stable_id", "cohort_id", "resident_id", "arrival_at", "departure_at", "participation_status", "reason", "expected_schedule_regime", "watch_profile_source_kind", "employee_watch_profile_change_id", "watch_profile_work_schedule_id", "watch_profile_brigade_number", "watch_profile_watch_composition_id", "watch_profile_fingerprint", "work_shift", "shift_source_kind", "official_equipment_assignment_id", "shift_source_snapshot", "shift_source_fingerprint", "shift_selected_by_access_id", "shift_selected_at", "shift_selection_basis", "source_revision_id", "routing_row_id", "routing_event_id", "brigade_phase_row_id", "basis_type", "basis_id", "basis_snapshot", "production_context_snapshot", "created_at") VALUES ('f0bbdd5b30a04a6ba15d0c4efd0ec818'::uuid, 79, 261, '2038-08-29 00:00:00+10:00'::timestamptz, '2038-09-27 00:00:00+10:00'::timestamptz, 'participating', '', '', 'legacy_baseline', NULL, 91, 1, 329, 'gggggggggggggggggggggggggggggggggggggggggggggggggggggggggggggggg', 'day', 'confirmed_brigade_phase', NULL, '{"source": "watch_profile_schema_test"}'::jsonb, 'dddddddddddddddddddddddddddddddddddddddddddddddddddddddddddddddd', NULL, NULL, '', NULL, 227, 378, 349, 'schema_test', 'routing-227', '{"schema": 1}'::jsonb, '{}'::jsonb, '2026-09-27 18:29:03.566241+00:00'::timestamptz) RETURNING "settlement_settlementcohortmember"."id"
2026-09-27T19:07:27.9121147Z  2026-09-27 18:29:03.580 UTC [360] ERROR:  new row for relation "settlement_settlementcohortmember" violates check constraint "cohort_member_watch_profile_family_ck"
2026-09-27T19:07:27.9122526Z  2026-09-27 18:29:03.580 UTC [360] DETAIL:  Failing row contains (79, c6cd7555-4f48-4bb7-81da-c88be54ca99e, 2039-04-25 14:00:00+00, 2039-05-24 14:00:00+00, participating, , , schema_test, legacy-262, {"schema": 1}, {}, 2026-09-27 18:29:03.579548+00, 80, 32, 262, null, null, null, , , unverified_legacy, {}, , null, null, null, null, 1, 1111111111111111111111111111111111111111111111111111111111111111, legacy_baseline, 329, 91).
2026-09-27T19:07:27.9126495Z  2026-09-27 18:29:03.580 UTC [360] STATEMENT:  INSERT INTO "settlement_settlementcohortmember" ("stable_id", "cohort_id", "resident_id", "arrival_at", "departure_at", "participation_status", "reason", "expected_schedule_regime", "watch_profile_source_kind", "employee_watch_profile_change_id", "watch_profile_work_schedule_id", "watch_profile_brigade_number", "watch_profile_watch_composition_id", "watch_profile_fingerprint", "work_shift", "shift_source_kind", "official_equipment_assignment_id", "shift_source_snapshot", "shift_source_fingerprint", "shift_selected_by_access_id", "shift_selected_at", "shift_selection_basis", "source_revision_id", "routing_row_id", "routing_event_id", "brigade_phase_row_id", "basis_type", "basis_id", "basis_snapshot", "production_context_snapshot", "created_at") VALUES ('c6cd75554f484bb781dac88be54ca99e'::uuid, 80, 262, '2039-04-26 00:00:00+10:00'::timestamptz, '2039-05-25 00:00:00+10:00'::timestamptz, 'participating', '', '', 'legacy_baseline', NULL, 91, 1, 329, '1111111111111111111111111111111111111111111111111111111111111111', '', 'unverified_legacy', NULL, '{}'::jsonb, '', NULL, NULL, '', 32, NULL, NULL, NULL, 'schema_test', 'legacy-262', '{"schema": 1}'::jsonb, '{}'::jsonb, '2026-09-27 18:29:03.579548+00:00'::timestamptz) RETURNING "settlement_settlementcohortmember"."id"
2026-09-27T19:07:27.9129750Z  2026-09-27 18:29:44.652 UTC [62] LOG:  checkpoint starting: time
2026-09-27T19:07:27.9144714Z  2026-09-27 18:29:59.095 UTC [419] ERROR:  new row for relation "settlement_employeebedoccupancy" violates check constraint "occupancy_auto_provenance_complete"
2026-09-27T19:07:27.9145885Z  2026-09-27 18:29:59.095 UTC [419] DETAIL:  Failing row contains (56, permanent, 2030-12-31 14:00:00+00, null, 495, 2028, 2030-12-31 14:00:00+00, 2031-01-31 14:00:00+00, null, 331, 216, null, auto, null, 462, null, 17, day, auto_preview, 8ac4067e62e002904f04c2f678aaa78ebd9ecf1ccec257092a0b4e4dd3f34387, null, null, null, , null).
2026-09-27T19:07:27.9146986Z  2026-09-27 18:29:59.095 UTC [419] STATEMENT:  UPDATE settlement_employeebedoccupancy SET watch_period_id = 462, source_preview_placement_id = NULL WHERE id = 56
2026-09-27T19:07:27.9147731Z  2026-09-27 18:30:23.610 UTC [449] ERROR:  new row for relation "settlement_physicalroom" violates check constraint "physical_room_sex_restriction_valid"
2026-09-27T19:07:27.9148553Z  2026-09-27 18:30:23.610 UTC [449] DETAIL:  Failing row contains (289, 1, 199, standard, not_transferred, 6, right, 1, 225, mixed).
2026-09-27T19:07:27.9149582Z  2026-09-27 18:30:23.610 UTC [449] STATEMENT:  INSERT INTO "settlement_physicalroom" ("dormitory_id", "floor", "number", "room_type", "transfer_status", "sex_restriction", "capacity", "corridor_side", "side_position") VALUES (225, 1, 199, 'standard', 'not_transferred', 'mixed', 6, 'right', 1) RETURNING "settlement_physicalroom"."id"
2026-09-27T19:07:27.9150715Z  2026-09-27 18:30:26.144 UTC [458] ERROR:  new row for relation "settlement_settlementcontrolevent" violates check constraint "settlement_control_event_revision_increases"
2026-09-27T19:07:27.9151827Z  2026-09-27 18:30:26.144 UTC [458] DETAIL:  Failing row contains (162, ACQUIRED, settlement, , 2026-09-27 18:30:26.143233+00, test, 3, 3, {"session_hash_prefix": "safe-prefix"}, 1478, 1478, null).
2026-09-27T19:07:27.9153390Z  2026-09-27 18:30:26.144 UTC [458] STATEMENT:  INSERT INTO "settlement_settlementcontrolevent" ("event_type", "scope", "actor_access_id", "previous_owner_access_id", "new_owner_access_id", "reason", "occurred_at", "source", "previous_fencing_revision", "new_fencing_revision", "session_metadata") VALUES ('ACQUIRED', 'settlement', 1478, NULL, 1478, '', '2026-09-27 18:30:26.143233+00:00'::timestamptz, 'test', 3, 3, '{"session_hash_prefix": "safe-prefix"}'::jsonb) RETURNING "settlement_settlementcontrolevent"."id"
2026-09-27T19:07:27.9154910Z  2026-09-27 18:30:26.145 UTC [458] ERROR:  new row for relation "settlement_settlementcontrolevent" violates check constraint "settlement_control_event_revision_increases"
2026-09-27T19:07:27.9155818Z  2026-09-27 18:30:26.145 UTC [458] DETAIL:  Failing row contains (163, ACQUIRED, settlement, , 2026-09-27 18:30:26.145054+00, test, 3, 2, {"session_hash_prefix": "safe-prefix"}, 1478, 1478, null).
2026-09-27T19:07:27.9157374Z  2026-09-27 18:30:26.145 UTC [458] STATEMENT:  INSERT INTO "settlement_settlementcontrolevent" ("event_type", "scope", "actor_access_id", "previous_owner_access_id", "new_owner_access_id", "reason", "occurred_at", "source", "previous_fencing_revision", "new_fencing_revision", "session_metadata") VALUES ('ACQUIRED', 'settlement', 1478, NULL, 1478, '', '2026-09-27 18:30:26.145054+00:00'::timestamptz, 'test', 3, 2, '{"session_hash_prefix": "safe-prefix"}'::jsonb) RETURNING "settlement_settlementcontrolevent"."id"
2026-09-27T19:07:27.9158895Z  2026-09-27 18:30:26.154 UTC [458] ERROR:  new row for relation "settlement_settlementcontrollease" violates check constraint "settlement_control_revision_nonnegative"
2026-09-27T19:07:27.9159690Z  2026-09-27 18:30:26.154 UTC [458] DETAIL:  Failing row contains (3, negative-revision, , null, -1, null, null, null, 2026-09-27 18:30:26.153891+00, 2026-09-27 18:30:26.1539+00, null).
2026-09-27T19:07:27.9161099Z  2026-09-27 18:30:26.154 UTC [458] STATEMENT:  INSERT INTO "settlement_settlementcontrollease" ("scope", "owner_access_id", "owner_session_hash", "lease_token", "fencing_revision", "acquired_at", "heartbeat_at", "expires_at", "created_at", "updated_at") VALUES ('negative-revision', NULL, '', NULL,  -1, NULL, NULL, NULL, '2026-09-27 18:30:26.153891+00:00'::timestamptz, '2026-09-27 18:30:26.153900+00:00'::timestamptz) RETURNING "settlement_settlementcontrollease"."id"
2026-09-27T19:07:27.9162580Z  2026-09-27 18:30:26.183 UTC [458] ERROR:  new row for relation "settlement_settlementcontrollease" violates check constraint "settlement_control_lease_time_valid"
2026-09-27T19:07:27.9163601Z  2026-09-27 18:30:26.183 UTC [458] DETAIL:  Failing row contains (6, invalid-time-0, sha256:control-session, e14a76c1-a869-4a06-95ed-140156c80849, 1, 2026-09-27 18:30:26.182649+00, 2026-09-27 18:30:25.182649+00, 2026-09-27 18:35:26.182649+00, 2026-09-27 18:30:26.183593+00, 2026-09-27 18:30:26.1836+00, 1478).
2026-09-27T19:07:27.9165635Z  2026-09-27 18:30:26.183 UTC [458] STATEMENT:  INSERT INTO "settlement_settlementcontrollease" ("scope", "owner_access_id", "owner_session_hash", "lease_token", "fencing_revision", "acquired_at", "heartbeat_at", "expires_at", "created_at", "updated_at") VALUES ('invalid-time-0', 1478, 'sha256:control-session', 'e14a76c1a8694a0695ed140156c80849'::uuid, 1, '2026-09-27 18:30:26.182649+00:00'::timestamptz, '2026-09-27 18:30:25.182649+00:00'::timestamptz, '2026-09-27 18:35:26.182649+00:00'::timestamptz, '2026-09-27 18:30:26.183593+00:00'::timestamptz, '2026-09-27 18:30:26.183600+00:00'::timestamptz) RETURNING "settlement_settlementcontrollease"."id"
2026-09-27T19:07:27.9167505Z  2026-09-27 18:30:26.185 UTC [458] ERROR:  new row for relation "settlement_settlementcontrollease" violates check constraint "settlement_control_lease_time_valid"
2026-09-27T19:07:27.9168526Z  2026-09-27 18:30:26.185 UTC [458] DETAIL:  Failing row contains (7, invalid-time-1, sha256:control-session, 61d67be8-f0bc-419f-a040-03863a5724c5, 1, 2026-09-27 18:30:26.182649+00, 2026-09-27 18:30:27.182649+00, 2026-09-27 18:30:27.182649+00, 2026-09-27 18:30:26.185083+00, 2026-09-27 18:30:26.185091+00, 1478).
2026-09-27T19:07:27.9170523Z  2026-09-27 18:30:26.185 UTC [458] STATEMENT:  INSERT INTO "settlement_settlementcontrollease" ("scope", "owner_access_id", "owner_session_hash", "lease_token", "fencing_revision", "acquired_at", "heartbeat_at", "expires_at", "created_at", "updated_at") VALUES ('invalid-time-1', 1478, 'sha256:control-session', '61d67be8f0bc419fa04003863a5724c5'::uuid, 1, '2026-09-27 18:30:26.182649+00:00'::timestamptz, '2026-09-27 18:30:27.182649+00:00'::timestamptz, '2026-09-27 18:30:27.182649+00:00'::timestamptz, '2026-09-27 18:30:26.185083+00:00'::timestamptz, '2026-09-27 18:30:26.185091+00:00'::timestamptz) RETURNING "settlement_settlementcontrollease"."id"
2026-09-27T19:07:27.9172443Z  2026-09-27 18:30:26.258 UTC [458] ERROR:  new row for relation "settlement_settlementcontrollease" violates check constraint "settlement_control_lease_state_valid"
2026-09-27T19:07:27.9173181Z  2026-09-27 18:30:26.258 UTC [458] DETAIL:  Failing row contains (9, partial-0, , null, 0, null, null, null, 2026-09-27 18:30:26.258104+00, 2026-09-27 18:30:26.258116+00, 1478).
2026-09-27T19:07:27.9174518Z  2026-09-27 18:30:26.258 UTC [458] STATEMENT:  INSERT INTO "settlement_settlementcontrollease" ("scope", "owner_access_id", "owner_session_hash", "lease_token", "fencing_revision", "acquired_at", "heartbeat_at", "expires_at", "created_at", "updated_at") VALUES ('partial-0', 1478, '', NULL, 0, NULL, NULL, NULL, '2026-09-27 18:30:26.258104+00:00'::timestamptz, '2026-09-27 18:30:26.258116+00:00'::timestamptz) RETURNING "settlement_settlementcontrollease"."id"
2026-09-27T19:07:27.9175854Z  2026-09-27 18:30:26.259 UTC [458] ERROR:  new row for relation "settlement_settlementcontrollease" violates check constraint "settlement_control_lease_state_valid"
2026-09-27T19:07:27.9176625Z  2026-09-27 18:30:26.259 UTC [458] DETAIL:  Failing row contains (10, partial-1, sha256:partial, null, 0, null, null, null, 2026-09-27 18:30:26.259594+00, 2026-09-27 18:30:26.259605+00, null).
2026-09-27T19:07:27.9178008Z  2026-09-27 18:30:26.259 UTC [458] STATEMENT:  INSERT INTO "settlement_settlementcontrollease" ("scope", "owner_access_id", "owner_session_hash", "lease_token", "fencing_revision", "acquired_at", "heartbeat_at", "expires_at", "created_at", "updated_at") VALUES ('partial-1', NULL, 'sha256:partial', NULL, 0, NULL, NULL, NULL, '2026-09-27 18:30:26.259594+00:00'::timestamptz, '2026-09-27 18:30:26.259605+00:00'::timestamptz) RETURNING "settlement_settlementcontrollease"."id"
2026-09-27T19:07:27.9179417Z  2026-09-27 18:30:26.261 UTC [458] ERROR:  new row for relation "settlement_settlementcontrollease" violates check constraint "settlement_control_lease_state_valid"
2026-09-27T19:07:27.9180231Z  2026-09-27 18:30:26.261 UTC [458] DETAIL:  Failing row contains (11, partial-2, , 08bd659e-fae6-43c7-9d42-365de70779f3, 0, null, null, null, 2026-09-27 18:30:26.260896+00, 2026-09-27 18:30:26.260906+00, null).
2026-09-27T19:07:27.9181813Z  2026-09-27 18:30:26.261 UTC [458] STATEMENT:  INSERT INTO "settlement_settlementcontrollease" ("scope", "owner_access_id", "owner_session_hash", "lease_token", "fencing_revision", "acquired_at", "heartbeat_at", "expires_at", "created_at", "updated_at") VALUES ('partial-2', NULL, '', '08bd659efae643c79d42365de70779f3'::uuid, 0, NULL, NULL, NULL, '2026-09-27 18:30:26.260896+00:00'::timestamptz, '2026-09-27 18:30:26.260906+00:00'::timestamptz) RETURNING "settlement_settlementcontrollease"."id"
2026-09-27T19:07:27.9183369Z  2026-09-27 18:30:26.262 UTC [458] ERROR:  new row for relation "settlement_settlementcontrollease" violates check constraint "settlement_control_lease_state_valid"
2026-09-27T19:07:27.9184143Z  2026-09-27 18:30:26.262 UTC [458] DETAIL:  Failing row contains (12, partial-3, , null, 0, 2026-09-27 18:30:26.2572+00, null, null, 2026-09-27 18:30:26.262271+00, 2026-09-27 18:30:26.262278+00, null).
2026-09-27T19:07:27.9185573Z  2026-09-27 18:30:26.262 UTC [458] STATEMENT:  INSERT INTO "settlement_settlementcontrollease" ("scope", "owner_access_id", "owner_session_hash", "lease_token", "fencing_revision", "acquired_at", "heartbeat_at", "expires_at", "created_at", "updated_at") VALUES ('partial-3', NULL, '', NULL, 0, '2026-09-27 18:30:26.257200+00:00'::timestamptz, NULL, NULL, '2026-09-27 18:30:26.262271+00:00'::timestamptz, '2026-09-27 18:30:26.262278+00:00'::timestamptz) RETURNING "settlement_settlementcontrollease"."id"
2026-09-27T19:07:27.9186992Z  2026-09-27 18:30:26.263 UTC [458] ERROR:  new row for relation "settlement_settlementcontrollease" violates check constraint "settlement_control_lease_state_valid"
2026-09-27T19:07:27.9187744Z  2026-09-27 18:30:26.263 UTC [458] DETAIL:  Failing row contains (13, partial-4, , null, 0, null, 2026-09-27 18:30:26.2572+00, null, 2026-09-27 18:30:26.263582+00, 2026-09-27 18:30:26.26359+00, null).
2026-09-27T19:07:27.9189301Z  2026-09-27 18:30:26.263 UTC [458] STATEMENT:  INSERT INTO "settlement_settlementcontrollease" ("scope", "owner_access_id", "owner_session_hash", "lease_token", "fencing_revision", "acquired_at", "heartbeat_at", "expires_at", "created_at", "updated_at") VALUES ('partial-4', NULL, '', NULL, 0, NULL, '2026-09-27 18:30:26.257200+00:00'::timestamptz, NULL, '2026-09-27 18:30:26.263582+00:00'::timestamptz, '2026-09-27 18:30:26.263590+00:00'::timestamptz) RETURNING "settlement_settlementcontrollease"."id"
2026-09-27T19:07:27.9190732Z  2026-09-27 18:30:26.265 UTC [458] ERROR:  new row for relation "settlement_settlementcontrollease" violates check constraint "settlement_control_lease_state_valid"
2026-09-27T19:07:27.9191732Z  2026-09-27 18:30:26.265 UTC [458] DETAIL:  Failing row contains (14, partial-5, , null, 0, null, null, 2026-09-27 18:35:26.2572+00, 2026-09-27 18:30:26.264783+00, 2026-09-27 18:30:26.26479+00, null).
2026-09-27T19:07:27.9193167Z  2026-09-27 18:30:26.265 UTC [458] STATEMENT:  INSERT INTO "settlement_settlementcontrollease" ("scope", "owner_access_id", "owner_session_hash", "lease_token", "fencing_revision", "acquired_at", "heartbeat_at", "expires_at", "created_at", "updated_at") VALUES ('partial-5', NULL, '', NULL, 0, NULL, NULL, '2026-09-27 18:35:26.257200+00:00'::timestamptz, '2026-09-27 18:30:26.264783+00:00'::timestamptz, '2026-09-27 18:30:26.264790+00:00'::timestamptz) RETURNING "settlement_settlementcontrollease"."id"
2026-09-27T19:07:27.9194528Z  2026-09-27 18:30:26.267 UTC [458] ERROR:  duplicate key value violates unique constraint "settlement_settlementcontrollease_scope_key"
2026-09-27T19:07:27.9195026Z  2026-09-27 18:30:26.267 UTC [458] DETAIL:  Key (scope)=(settlement) already exists.
2026-09-27T19:07:27.9196198Z  2026-09-27 18:30:26.267 UTC [458] STATEMENT:  INSERT INTO "settlement_settlementcontrollease" ("scope", "owner_access_id", "owner_session_hash", "lease_token", "fencing_revision", "acquired_at", "heartbeat_at", "expires_at", "created_at", "updated_at") VALUES ('settlement', NULL, '', NULL, 0, NULL, NULL, NULL, '2026-09-27 18:30:26.267288+00:00'::timestamptz, '2026-09-27 18:30:26.267298+00:00'::timestamptz) RETURNING "settlement_settlementcontrollease"."id"
2026-09-27T19:07:27.9197549Z  2026-09-27 18:30:26.270 UTC [458] ERROR:  new row for relation "settlement_settlementcontrolevent" violates check constraint "settlement_control_event_type_valid"
2026-09-27T19:07:27.9198465Z  2026-09-27 18:30:26.270 UTC [458] DETAIL:  Failing row contains (169, UNKNOWN, settlement, , 2026-09-27 18:30:26.270083+00, test, 0, 1, {"session_hash_prefix": "safe-prefix"}, 1478, 1478, null).
2026-09-27T19:07:27.9199998Z  2026-09-27 18:30:26.270 UTC [458] STATEMENT:  INSERT INTO "settlement_settlementcontrolevent" ("event_type", "scope", "actor_access_id", "previous_owner_access_id", "new_owner_access_id", "reason", "occurred_at", "source", "previous_fencing_revision", "new_fencing_revision", "session_metadata") VALUES ('UNKNOWN', 'settlement', 1478, NULL, 1478, '', '2026-09-27 18:30:26.270083+00:00'::timestamptz, 'test', 0, 1, '{"session_hash_prefix": "safe-prefix"}'::jsonb) RETURNING "settlement_settlementcontrolevent"."id"
2026-09-27T19:07:27.9201562Z  2026-09-27 18:30:26.272 UTC [458] ERROR:  new row for relation "settlement_settlementcontrolevent" violates check constraint "settlement_takeover_reason_required"
2026-09-27T19:07:27.9202392Z  2026-09-27 18:30:26.272 UTC [458] DETAIL:  Failing row contains (170, TAKEN_OVER, settlement, , 2026-09-27 18:30:26.271506+00, test, 0, 1, {"session_hash_prefix": "safe-prefix"}, 1478, 1478, null).
2026-09-27T19:07:27.9204036Z  2026-09-27 18:30:26.272 UTC [458] STATEMENT:  INSERT INTO "settlement_settlementcontrolevent" ("event_type", "scope", "actor_access_id", "previous_owner_access_id", "new_owner_access_id", "reason", "occurred_at", "source", "previous_fencing_revision", "new_fencing_revision", "session_metadata") VALUES ('TAKEN_OVER', 'settlement', 1478, NULL, 1478, '', '2026-09-27 18:30:26.271506+00:00'::timestamptz, 'test', 0, 1, '{"session_hash_prefix": "safe-prefix"}'::jsonb) RETURNING "settlement_settlementcontrolevent"."id"
2026-09-27T19:07:27.9205536Z  2026-09-27 18:30:35.687 UTC [462] ERROR:  new row for relation "settlement_employeebedoccupancy" violates check constraint "occupancy_ends_after_start"
2026-09-27T19:07:27.9206491Z  2026-09-27 18:30:35.687 UTC [462] DETAIL:  Failing row contains (97, permanent, 2026-09-27 18:30:35.686437+00, null, 1575, 2067, 2026-09-27 18:30:35.682332+00, 2026-09-27 18:30:35.682332+00, null, 365, null, null, manual, null, null, null, null, null, unverified_legacy, , null, null, null, , null).
2026-09-27T19:07:27.9209156Z  2026-09-27 18:30:35.687 UTC [462] STATEMENT:  INSERT INTO "settlement_employeebedoccupancy" ("resident_id", "physical_bed_id", "assignment_type", "source_kind", "work_shift", "shift_source_kind", "shift_source_fingerprint", "shift_official_assignment_id", "shift_selected_by_access_id", "shift_selected_at", "shift_selection_basis", "source_application_id", "source_preview_placement_id", "source_preview_correction_id", "replaced_by_application_id", "replaced_by_occupancy_id", "watch_period_id", "cohort_member_id", "settled_at", "starts_at", "ends_at", "terminated_at", "settled_by_id", "ended_at") VALUES (365, 1575, 'permanent', 'manual', NULL, 'unverified_legacy', '', NULL, NULL, NULL, '', NULL, NULL, NULL, NULL, NULL, NULL, NULL, '2026-09-27 18:30:35.686437+00:00'::timestamptz, '2026-09-27 18:30:35.682332+00:00'::timestamptz, '2026-09-27 18:30:35.682332+00:00'::timestamptz, NULL, 2067, NULL) RETURNING "settlement_employeebedoccupancy"."id"
2026-09-27T19:07:27.9211612Z  2026-09-27 18:30:35.692 UTC [462] ERROR:  new row for relation "settlement_employeebedoccupancy" violates check constraint "occupancy_ends_after_start"
2026-09-27T19:07:27.9212549Z  2026-09-27 18:30:35.692 UTC [462] DETAIL:  Failing row contains (98, permanent, 2026-09-27 18:30:35.691811+00, null, 1575, 2067, 2026-09-27 18:30:35.682332+00, 2026-09-27 18:30:34.682332+00, null, 365, null, null, manual, null, null, null, null, null, unverified_legacy, , null, null, null, , null).
2026-09-27T19:07:27.9215176Z  2026-09-27 18:30:35.692 UTC [462] STATEMENT:  INSERT INTO "settlement_employeebedoccupancy" ("resident_id", "physical_bed_id", "assignment_type", "source_kind", "work_shift", "shift_source_kind", "shift_source_fingerprint", "shift_official_assignment_id", "shift_selected_by_access_id", "shift_selected_at", "shift_selection_basis", "source_application_id", "source_preview_placement_id", "source_preview_correction_id", "replaced_by_application_id", "replaced_by_occupancy_id", "watch_period_id", "cohort_member_id", "settled_at", "starts_at", "ends_at", "terminated_at", "settled_by_id", "ended_at") VALUES (365, 1575, 'permanent', 'manual', NULL, 'unverified_legacy', '', NULL, NULL, NULL, '', NULL, NULL, NULL, NULL, NULL, NULL, NULL, '2026-09-27 18:30:35.691811+00:00'::timestamptz, '2026-09-27 18:30:35.682332+00:00'::timestamptz, '2026-09-27 18:30:34.682332+00:00'::timestamptz, NULL, 2067, NULL) RETURNING "settlement_employeebedoccupancy"."id"
2026-09-27T19:07:27.9217725Z  2026-09-27 18:30:40.694 UTC [462] ERROR:  new row for relation "settlement_employeebedoccupancy" violates check constraint "occupancy_term_after_start"
2026-09-27T19:07:27.9218678Z  2026-09-27 18:30:40.694 UTC [462] DETAIL:  Failing row contains (137, permanent, 2026-09-27 18:30:40.693512+00, null, 1575, 2067, 2026-09-27 18:30:40.689301+00, null, 2026-09-27 18:30:40.689301+00, 365, null, null, manual, null, null, null, null, null, unverified_legacy, , null, null, null, , null).
2026-09-27T19:07:27.9221514Z  2026-09-27 18:30:40.694 UTC [462] STATEMENT:  INSERT INTO "settlement_employeebedoccupancy" ("resident_id", "physical_bed_id", "assignment_type", "source_kind", "work_shift", "shift_source_kind", "shift_source_fingerprint", "shift_official_assignment_id", "shift_selected_by_access_id", "shift_selected_at", "shift_selection_basis", "source_application_id", "source_preview_placement_id", "source_preview_correction_id", "replaced_by_application_id", "replaced_by_occupancy_id", "watch_period_id", "cohort_member_id", "settled_at", "starts_at", "ends_at", "terminated_at", "settled_by_id", "ended_at") VALUES (365, 1575, 'permanent', 'manual', NULL, 'unverified_legacy', '', NULL, NULL, NULL, '', NULL, NULL, NULL, NULL, NULL, NULL, NULL, '2026-09-27 18:30:40.693512+00:00'::timestamptz, '2026-09-27 18:30:40.689301+00:00'::timestamptz, NULL, '2026-09-27 18:30:40.689301+00:00'::timestamptz, 2067, NULL) RETURNING "settlement_employeebedoccupancy"."id"
2026-09-27T19:07:27.9223969Z  2026-09-27 18:30:40.700 UTC [462] ERROR:  new row for relation "settlement_employeebedoccupancy" violates check constraint "occupancy_term_after_start"
2026-09-27T19:07:27.9224926Z  2026-09-27 18:30:40.700 UTC [462] DETAIL:  Failing row contains (138, permanent, 2026-09-27 18:30:40.699016+00, null, 1575, 2067, 2026-09-27 18:30:40.689301+00, null, 2026-09-27 18:30:39.689301+00, 365, null, null, manual, null, null, null, null, null, unverified_legacy, , null, null, null, , null).
2026-09-27T19:07:27.9227558Z  2026-09-27 18:30:40.700 UTC [462] STATEMENT:  INSERT INTO "settlement_employeebedoccupancy" ("resident_id", "physical_bed_id", "assignment_type", "source_kind", "work_shift", "shift_source_kind", "shift_source_fingerprint", "shift_official_assignment_id", "shift_selected_by_access_id", "shift_selected_at", "shift_selection_basis", "source_application_id", "source_preview_placement_id", "source_preview_correction_id", "replaced_by_application_id", "replaced_by_occupancy_id", "watch_period_id", "cohort_member_id", "settled_at", "starts_at", "ends_at", "terminated_at", "settled_by_id", "ended_at") VALUES (365, 1575, 'permanent', 'manual', NULL, 'unverified_legacy', '', NULL, NULL, NULL, '', NULL, NULL, NULL, NULL, NULL, NULL, NULL, '2026-09-27 18:30:40.699016+00:00'::timestamptz, '2026-09-27 18:30:40.689301+00:00'::timestamptz, NULL, '2026-09-27 18:30:39.689301+00:00'::timestamptz, 2067, NULL) RETURNING "settlement_employeebedoccupancy"."id"
2026-09-27T19:07:27.9229929Z  2026-09-27 18:30:40.711 UTC [462] ERROR:  new row for relation "settlement_employeebedoccupancy" violates check constraint "occupancy_term_before_end"
2026-09-27T19:07:27.9230907Z  2026-09-27 18:30:40.711 UTC [462] DETAIL:  Failing row contains (139, permanent, 2026-09-27 18:30:40.710516+00, null, 1575, 2067, 2026-09-27 18:30:40.706371+00, 2026-10-07 18:30:40.706371+00, 2026-10-07 18:30:40.706371+00, 365, null, null, manual, null, null, null, null, null, unverified_legacy, , null, null, null, , null).
2026-09-27T19:07:27.9234051Z  2026-09-27 18:30:40.711 UTC [462] STATEMENT:  INSERT INTO "settlement_employeebedoccupancy" ("resident_id", "physical_bed_id", "assignment_type", "source_kind", "work_shift", "shift_source_kind", "shift_source_fingerprint", "shift_official_assignment_id", "shift_selected_by_access_id", "shift_selected_at", "shift_selection_basis", "source_application_id", "source_preview_placement_id", "source_preview_correction_id", "replaced_by_application_id", "replaced_by_occupancy_id", "watch_period_id", "cohort_member_id", "settled_at", "starts_at", "ends_at", "terminated_at", "settled_by_id", "ended_at") VALUES (365, 1575, 'permanent', 'manual', NULL, 'unverified_legacy', '', NULL, NULL, NULL, '', NULL, NULL, NULL, NULL, NULL, NULL, NULL, '2026-09-27 18:30:40.710516+00:00'::timestamptz, '2026-09-27 18:30:40.706371+00:00'::timestamptz, '2026-10-07 18:30:40.706371+00:00'::timestamptz, '2026-10-07 18:30:40.706371+00:00'::timestamptz, 2067, NULL) RETURNING "settlement_employeebedoccupancy"."id"
2026-09-27T19:07:27.9236522Z  2026-09-27 18:30:40.716 UTC [462] ERROR:  new row for relation "settlement_employeebedoccupancy" violates check constraint "occupancy_term_before_end"
2026-09-27T19:07:27.9237512Z  2026-09-27 18:30:40.716 UTC [462] DETAIL:  Failing row contains (140, permanent, 2026-09-27 18:30:40.715821+00, null, 1575, 2067, 2026-09-27 18:30:40.706371+00, 2026-10-07 18:30:40.706371+00, 2026-10-07 18:30:41.706371+00, 365, null, null, manual, null, null, null, null, null, unverified_legacy, , null, null, null, , null).
2026-09-27T19:07:27.9240377Z  2026-09-27 18:30:40.716 UTC [462] STATEMENT:  INSERT INTO "settlement_employeebedoccupancy" ("resident_id", "physical_bed_id", "assignment_type", "source_kind", "work_shift", "shift_source_kind", "shift_source_fingerprint", "shift_official_assignment_id", "shift_selected_by_access_id", "shift_selected_at", "shift_selection_basis", "source_application_id", "source_preview_placement_id", "source_preview_correction_id", "replaced_by_application_id", "replaced_by_occupancy_id", "watch_period_id", "cohort_member_id", "settled_at", "starts_at", "ends_at", "terminated_at", "settled_by_id", "ended_at") VALUES (365, 1575, 'permanent', 'manual', NULL, 'unverified_legacy', '', NULL, NULL, NULL, '', NULL, NULL, NULL, NULL, NULL, NULL, NULL, '2026-09-27 18:30:40.715821+00:00'::timestamptz, '2026-09-27 18:30:40.706371+00:00'::timestamptz, '2026-10-07 18:30:40.706371+00:00'::timestamptz, '2026-10-07 18:30:41.706371+00:00'::timestamptz, 2067, NULL) RETURNING "settlement_employeebedoccupancy"."id"
2026-09-27T19:07:27.9242899Z  2026-09-27 18:30:42.255 UTC [472] ERROR:  duplicate key value violates unique constraint "settlement_settlementresident_employee_id_key"
2026-09-27T19:07:27.9243410Z  2026-09-27 18:30:42.255 UTC [472] DETAIL:  Key (employee_id)=(2078) already exists.
2026-09-27T19:07:27.9244883Z  2026-09-27 18:30:42.255 UTC [472] STATEMENT:  INSERT INTO "settlement_settlementresident" ("stable_id", "employee_id", "resident_type", "full_name", "photo", "position_title", "organization", "phone", "external_sex", "status", "revision", "archived_at", "created_by_access_id", "updated_by_access_id", "created_at", "updated_at") VALUES ('d94b764d88ac4f2ba7922968d9cd5516'::uuid, 2078, 'EMPLOYEE', '', '', '', '', '', NULL, 'ACTIVE', 1, NULL, NULL, NULL, '2026-09-27 18:30:42.254556+00:00'::timestamptz, '2026-09-27 18:30:42.254568+00:00'::timestamptz) RETURNING "settlement_settlementresident"."id"
2026-09-27T19:07:27.9246514Z  2026-09-27 18:30:42.256 UTC [472] ERROR:  new row for relation "settlement_settlementresident" violates check constraint "settlement_resident_external_sex_valid"
2026-09-27T19:07:27.9247373Z  2026-09-27 18:30:42.256 UTC [472] DETAIL:  Failing row contains (373, 1854dd3c-c724-4cca-80e6-9efa7151cfd1, CONTRACTOR, , , , , , ACTIVE, 1, null, 2026-09-27 18:30:42.256179+00, 2026-09-27 18:30:42.25619+00, 1491, null, null, null).
2026-09-27T19:07:27.9249253Z  2026-09-27 18:30:42.256 UTC [472] STATEMENT:  INSERT INTO "settlement_settlementresident" ("stable_id", "employee_id", "resident_type", "full_name", "photo", "position_title", "organization", "phone", "external_sex", "status", "revision", "archived_at", "created_by_access_id", "updated_by_access_id", "created_at", "updated_at") VALUES ('1854dd3cc7244cca80e69efa7151cfd1'::uuid, NULL, 'CONTRACTOR', '', '', '', '', '', NULL, 'ACTIVE', 1, NULL, 1491, NULL, '2026-09-27 18:30:42.256179+00:00'::timestamptz, '2026-09-27 18:30:42.256190+00:00'::timestamptz) RETURNING "settlement_settlementresident"."id"
2026-09-27T19:07:27.9250880Z  2026-09-27 18:30:42.258 UTC [472] ERROR:  new row for relation "settlement_settlementresident" violates check constraint "settlement_resident_external_sex_valid"
2026-09-27T19:07:27.9251948Z  2026-09-27 18:30:42.258 UTC [472] DETAIL:  Failing row contains (374, eebeedfd-8f3d-4afc-9fab-0de57785ec6e, CONTRACTOR, ДЕМО · Внешний без пола, , Подрядчик, ДЕМО, +7 900 000-00-10, ACTIVE, 1, null, 2026-09-27 18:30:42.25765+00, 2026-09-27 18:30:42.25766+00, 1491, null, null, null).
2026-09-27T19:07:27.9254041Z  2026-09-27 18:30:42.258 UTC [472] STATEMENT:  INSERT INTO "settlement_settlementresident" ("stable_id", "employee_id", "resident_type", "full_name", "photo", "position_title", "organization", "phone", "external_sex", "status", "revision", "archived_at", "created_by_access_id", "updated_by_access_id", "created_at", "updated_at") VALUES ('eebeedfd8f3d4afc9fab0de57785ec6e'::uuid, NULL, 'CONTRACTOR', 'ДЕМО · Внешний без пола', '', 'Подрядчик', 'ДЕМО', '+7 900 000-00-10', NULL, 'ACTIVE', 1, NULL, 1491, NULL, '2026-09-27 18:30:42.257650+00:00'::timestamptz, '2026-09-27 18:30:42.257660+00:00'::timestamptz) RETURNING "settlement_settlementresident"."id"
2026-09-27T19:07:27.9255784Z  2026-09-27 18:30:42.264 UTC [472] ERROR:  new row for relation "settlement_settlementresident" violates check constraint "settlement_resident_external_sex_valid"
2026-09-27T19:07:27.9256647Z  2026-09-27 18:30:42.264 UTC [472] DETAIL:  Failing row contains (375, 890da76c-de4f-4353-88f0-c2a472814e7f, EMPLOYEE, , , , , , ACTIVE, 1, null, 2026-09-27 18:30:42.264631+00, 2026-09-27 18:30:42.264641+00, null, 2079, null, male).
2026-09-27T19:07:27.9258380Z  2026-09-27 18:30:42.264 UTC [472] STATEMENT:  INSERT INTO "settlement_settlementresident" ("stable_id", "employee_id", "resident_type", "full_name", "photo", "position_title", "organization", "phone", "external_sex", "status", "revision", "archived_at", "created_by_access_id", "updated_by_access_id", "created_at", "updated_at") VALUES ('890da76cde4f435388f0c2a472814e7f'::uuid, 2079, 'EMPLOYEE', '', '', '', '', '', 'male', 'ACTIVE', 1, NULL, NULL, NULL, '2026-09-27 18:30:42.264631+00:00'::timestamptz, '2026-09-27 18:30:42.264641+00:00'::timestamptz) RETURNING "settlement_settlementresident"."id"
2026-09-27T19:07:27.9259995Z  2026-09-27 18:30:42.271 UTC [472] ERROR:  new row for relation "settlement_settlementresident" violates check constraint "settlement_resident_subject_valid"
2026-09-27T19:07:27.9260953Z  2026-09-27 18:30:42.271 UTC [472] DETAIL:  Failing row contains (376, 17f60a5a-1721-497c-90d3-2113ff26fc78, EMPLOYEE, , settlement_residents/not-authoritative.jpg, , , , ACTIVE, 1, null, 2026-09-27 18:30:42.271149+00, 2026-09-27 18:30:42.27116+00, null, 2080, null, null).
2026-09-27T19:07:27.9262990Z  2026-09-27 18:30:42.271 UTC [472] STATEMENT:  INSERT INTO "settlement_settlementresident" ("stable_id", "employee_id", "resident_type", "full_name", "photo", "position_title", "organization", "phone", "external_sex", "status", "revision", "archived_at", "created_by_access_id", "updated_by_access_id", "created_at", "updated_at") VALUES ('17f60a5a1721497c90d32113ff26fc78'::uuid, 2080, 'EMPLOYEE', '', 'settlement_residents/not-authoritative.jpg', '', '', '', NULL, 'ACTIVE', 1, NULL, NULL, NULL, '2026-09-27 18:30:42.271149+00:00'::timestamptz, '2026-09-27 18:30:42.271160+00:00'::timestamptz) RETURNING "settlement_settlementresident"."id"
2026-09-27T19:07:27.9264948Z  2026-09-27 18:30:44.595 UTC [476] ERROR:  null value in column "created_by_access_id" of relation "shifts_watchperiodbrigadephaseversion" violates not-null constraint
2026-09-27T19:07:27.9265992Z  2026-09-27 18:30:44.595 UTC [476] DETAIL:  Failing row contains (106, 1, draft, null, null, 2026-09-27 18:30:44.595595+00, {"order": {"date": "2030-01-01", "number": "TEST-ORDER-001", "ef..., aaaaaaaaaaaaaaaaaaaaaaaaaaaaaaaaaaaaaaaaaaaaaaaaaaaaaaaaaaaaaaaa, null, 479, 94, null, null, null).
2026-09-27T19:07:27.9268965Z  2026-09-27 18:30:44.595 UTC [476] STATEMENT:  INSERT INTO "shifts_watchperiodbrigadephaseversion" ("watch_period_id", "work_schedule_id", "version_number", "status", "based_on_version_id", "created_by_access_id", "confirmed_by_access_id", "superseded_by_access_id", "confirmed_at", "superseded_at", "created_at", "source_snapshot", "source_fingerprint") VALUES (479, 94, 1, 'draft', NULL, NULL, NULL, NULL, NULL, NULL, '2026-09-27 18:30:44.595595+00:00'::timestamptz, '{"source_kind": "official_schedule_order", "order": {"number": "TEST-ORDER-001", "date": "2030-01-01", "effective_from": "2030-01-01", "document_sha256": "bbbbbbbbbbbbbbbbbbbbbbbbbbbbbbbbbbbbbbbbbbbbbbbbbbbbbbbbbbbbbbbb"}, "schedule": {"designation": "TEST-SCHEDULE", "document_sha256": "cccccccccccccccccccccccccccccccccccccccccccccccccccccccccccccccc"}}'::jsonb, 'aaaaaaaaaaaaaaaaaaaaaaaaaaaaaaaaaaaaaaaaaaaaaaaaaaaaaaaaaaaaaaaa') RETURNING "shifts_watchperiodbrigadephaseversion"."id"
2026-09-27T19:07:27.9271578Z  2026-09-27 18:30:44.879 UTC [476] ERROR:  duplicate key value violates unique constraint "uniq_watch_phase_brigade"
2026-09-27T19:07:27.9272064Z  2026-09-27 18:30:44.879 UTC [476] DETAIL:  Key (version_id, brigade_number)=(110, 1) already exists.
2026-09-27T19:07:27.9272877Z  2026-09-27 18:30:44.879 UTC [476] STATEMENT:  INSERT INTO "shifts_watchperiodbrigadephaserow" ("version_id", "brigade_number", "phase") VALUES (110, 1, 'night') RETURNING "shifts_watchperiodbrigadephaserow"."id"
2026-09-27T19:07:27.9273734Z  2026-09-27 18:30:44.880 UTC [476] ERROR:  new row for relation "shifts_watchperiodbrigadephaserow" violates check constraint "watch_phase_brigade_gte_1"
2026-09-27T19:07:27.9274297Z  2026-09-27 18:30:44.880 UTC [476] DETAIL:  Failing row contains (355, 0, off, 110).
2026-09-27T19:07:27.9274946Z  2026-09-27 18:30:44.880 UTC [476] STATEMENT:  INSERT INTO "shifts_watchperiodbrigadephaserow" ("version_id", "brigade_number", "phase") VALUES (110, 0, 'off') RETURNING "shifts_watchperiodbrigadephaserow"."id"
2026-09-27T19:07:27.9275765Z  2026-09-27 18:30:44.881 UTC [476] ERROR:  new row for relation "shifts_watchperiodbrigadephaserow" violates check constraint "watch_phase_value_valid"
2026-09-27T19:07:27.9276307Z  2026-09-27 18:30:44.881 UTC [476] DETAIL:  Failing row contains (356, 2, invalid, 110).
2026-09-27T19:07:27.9276979Z  2026-09-27 18:30:44.881 UTC [476] STATEMENT:  INSERT INTO "shifts_watchperiodbrigadephaserow" ("version_id", "brigade_number", "phase") VALUES (110, 2, 'invalid') RETURNING "shifts_watchperiodbrigadephaserow"."id"
2026-09-27T19:07:27.9277836Z  2026-09-27 18:30:44.974 UTC [476] ERROR:  null value in column "source_snapshot" of relation "shifts_watchperiodbrigadephaseversion" violates not-null constraint
2026-09-27T19:07:27.9278740Z  2026-09-27 18:30:44.974 UTC [476] DETAIL:  Failing row contains (113, 1, draft, null, null, 2026-09-27 18:30:44.974091+00, null, aaaaaaaaaaaaaaaaaaaaaaaaaaaaaaaaaaaaaaaaaaaaaaaaaaaaaaaaaaaaaaaa, null, 487, 102, 1523, null, null).
2026-09-27T19:07:27.9280714Z  2026-09-27 18:30:44.974 UTC [476] STATEMENT:  INSERT INTO "shifts_watchperiodbrigadephaseversion" ("watch_period_id", "work_schedule_id", "version_number", "status", "based_on_version_id", "created_by_access_id", "confirmed_by_access_id", "superseded_by_access_id", "confirmed_at", "superseded_at", "created_at", "source_snapshot", "source_fingerprint") VALUES (487, 102, 1, 'draft', NULL, 1523, NULL, NULL, NULL, NULL, '2026-09-27 18:30:44.974091+00:00'::timestamptz, NULL, 'aaaaaaaaaaaaaaaaaaaaaaaaaaaaaaaaaaaaaaaaaaaaaaaaaaaaaaaaaaaaaaaa') RETURNING "shifts_watchperiodbrigadephaseversion"."id"
2026-09-27T19:07:27.9282709Z  2026-09-27 18:30:44.975 UTC [476] ERROR:  null value in column "source_fingerprint" of relation "shifts_watchperiodbrigadephaseversion" violates not-null constraint
2026-09-27T19:07:27.9283555Z  2026-09-27 18:30:44.975 UTC [476] DETAIL:  Failing row contains (114, 2, draft, null, null, 2026-09-27 18:30:44.97544+00, {"order": {"date": "2030-01-01", "number": "TEST-ORDER-001", "ef..., null, null, 487, 102, 1523, null, null).
2026-09-27T19:07:27.9286112Z  2026-09-27 18:30:44.975 UTC [476] STATEMENT:  INSERT INTO "shifts_watchperiodbrigadephaseversion" ("watch_period_id", "work_schedule_id", "version_number", "status", "based_on_version_id", "created_by_access_id", "confirmed_by_access_id", "superseded_by_access_id", "confirmed_at", "superseded_at", "created_at", "source_snapshot", "source_fingerprint") VALUES (487, 102, 2, 'draft', NULL, 1523, NULL, NULL, NULL, NULL, '2026-09-27 18:30:44.975440+00:00'::timestamptz, '{"source_kind": "official_schedule_order", "order": {"number": "TEST-ORDER-001", "date": "2030-01-01", "effective_from": "2030-01-01", "document_sha256": "bbbbbbbbbbbbbbbbbbbbbbbbbbbbbbbbbbbbbbbbbbbbbbbbbbbbbbbbbbbbbbbb"}, "schedule": {"designation": "TEST-SCHEDULE", "document_sha256": "cccccccccccccccccccccccccccccccccccccccccccccccccccccccccccccccc"}}'::jsonb, NULL) RETURNING "shifts_watchperiodbrigadephaseversion"."id"
2026-09-27T19:07:27.9288536Z  2026-09-27 18:30:45.060 UTC [476] ERROR:  new row for relation "shifts_watchperiodbrigadephaseversion" violates check constraint "watch_phase_status_audit"
2026-09-27T19:07:27.9289683Z  2026-09-27 18:30:45.060 UTC [476] DETAIL:  Failing row contains (119, 4, draft, 2026-09-27 18:30:45.055683+00, null, 2026-09-27 18:30:45.059696+00, {"order": {"date": "2030-01-01", "number": "TEST-ORDER-001", "ef..., aaaaaaaaaaaaaaaaaaaaaaaaaaaaaaaaaaaaaaaaaaaaaaaaaaaaaaaaaaaaaaaa, null, 489, 104, 1529, null, null).
2026-09-27T19:07:27.9292874Z  2026-09-27 18:30:45.060 UTC [476] STATEMENT:  INSERT INTO "shifts_watchperiodbrigadephaseversion" ("watch_period_id", "work_schedule_id", "version_number", "status", "based_on_version_id", "created_by_access_id", "confirmed_by_access_id", "superseded_by_access_id", "confirmed_at", "superseded_at", "created_at", "source_snapshot", "source_fingerprint") VALUES (489, 104, 4, 'draft', NULL, 1529, NULL, NULL, '2026-09-27 18:30:45.055683+00:00'::timestamptz, NULL, '2026-09-27 18:30:45.059696+00:00'::timestamptz, '{"source_kind": "official_schedule_order", "order": {"number": "TEST-ORDER-001", "date": "2030-01-01", "effective_from": "2030-01-01", "document_sha256": "bbbbbbbbbbbbbbbbbbbbbbbbbbbbbbbbbbbbbbbbbbbbbbbbbbbbbbbbbbbbbbbb"}, "schedule": {"designation": "TEST-SCHEDULE", "document_sha256": "cccccccccccccccccccccccccccccccccccccccccccccccccccccccccccccccc"}}'::jsonb, 'aaaaaaaaaaaaaaaaaaaaaaaaaaaaaaaaaaaaaaaaaaaaaaaaaaaaaaaaaaaaaaaa') RETURNING "shifts_watchperiodbrigadephaseversion"."id"
2026-09-27T19:07:27.9295571Z  2026-09-27 18:30:45.061 UTC [476] ERROR:  new row for relation "shifts_watchperiodbrigadephaseversion" violates check constraint "watch_phase_status_audit"
2026-09-27T19:07:27.9296630Z  2026-09-27 18:30:45.061 UTC [476] DETAIL:  Failing row contains (120, 5, draft, null, 2026-09-27 18:30:45.055683+00, 2026-09-27 18:30:45.061173+00, {"order": {"date": "2030-01-01", "number": "TEST-ORDER-001", "ef..., aaaaaaaaaaaaaaaaaaaaaaaaaaaaaaaaaaaaaaaaaaaaaaaaaaaaaaaaaaaaaaaa, null, 489, 104, 1529, null, null).
2026-09-27T19:07:27.9299672Z  2026-09-27 18:30:45.061 UTC [476] STATEMENT:  INSERT INTO "shifts_watchperiodbrigadephaseversion" ("watch_period_id", "work_schedule_id", "version_number", "status", "based_on_version_id", "created_by_access_id", "confirmed_by_access_id", "superseded_by_access_id", "confirmed_at", "superseded_at", "created_at", "source_snapshot", "source_fingerprint") VALUES (489, 104, 5, 'draft', NULL, 1529, NULL, NULL, NULL, '2026-09-27 18:30:45.055683+00:00'::timestamptz, '2026-09-27 18:30:45.061173+00:00'::timestamptz, '{"source_kind": "official_schedule_order", "order": {"number": "TEST-ORDER-001", "date": "2030-01-01", "effective_from": "2030-01-01", "document_sha256": "bbbbbbbbbbbbbbbbbbbbbbbbbbbbbbbbbbbbbbbbbbbbbbbbbbbbbbbbbbbbbbbb"}, "schedule": {"designation": "TEST-SCHEDULE", "document_sha256": "cccccccccccccccccccccccccccccccccccccccccccccccccccccccccccccccc"}}'::jsonb, 'aaaaaaaaaaaaaaaaaaaaaaaaaaaaaaaaaaaaaaaaaaaaaaaaaaaaaaaaaaaaaaaa') RETURNING "shifts_watchperiodbrigadephaseversion"."id"
2026-09-27T19:07:27.9302592Z  2026-09-27 18:30:45.062 UTC [476] ERROR:  new row for relation "shifts_watchperiodbrigadephaseversion" violates check constraint "watch_phase_status_audit"
2026-09-27T19:07:27.9303641Z  2026-09-27 18:30:45.062 UTC [476] DETAIL:  Failing row contains (121, 6, confirmed, null, null, 2026-09-27 18:30:45.062511+00, {"order": {"date": "2030-01-01", "number": "TEST-ORDER-001", "ef..., aaaaaaaaaaaaaaaaaaaaaaaaaaaaaaaaaaaaaaaaaaaaaaaaaaaaaaaaaaaaaaaa, null, 489, 104, 1529, 1530, null).
2026-09-27T19:07:27.9306692Z  2026-09-27 18:30:45.062 UTC [476] STATEMENT:  INSERT INTO "shifts_watchperiodbrigadephaseversion" ("watch_period_id", "work_schedule_id", "version_number", "status", "based_on_version_id", "created_by_access_id", "confirmed_by_access_id", "superseded_by_access_id", "confirmed_at", "superseded_at", "created_at", "source_snapshot", "source_fingerprint") VALUES (489, 104, 6, 'confirmed', NULL, 1529, 1530, NULL, NULL, NULL, '2026-09-27 18:30:45.062511+00:00'::timestamptz, '{"source_kind": "official_schedule_order", "order": {"number": "TEST-ORDER-001", "date": "2030-01-01", "effective_from": "2030-01-01", "document_sha256": "bbbbbbbbbbbbbbbbbbbbbbbbbbbbbbbbbbbbbbbbbbbbbbbbbbbbbbbbbbbbbbbb"}, "schedule": {"designation": "TEST-SCHEDULE", "document_sha256": "cccccccccccccccccccccccccccccccccccccccccccccccccccccccccccccccc"}}'::jsonb, 'aaaaaaaaaaaaaaaaaaaaaaaaaaaaaaaaaaaaaaaaaaaaaaaaaaaaaaaaaaaaaaaa') RETURNING "shifts_watchperiodbrigadephaseversion"."id"
2026-09-27T19:07:27.9309324Z  2026-09-27 18:30:45.064 UTC [476] ERROR:  new row for relation "shifts_watchperiodbrigadephaseversion" violates check constraint "watch_phase_status_audit"
2026-09-27T19:07:27.9310451Z  2026-09-27 18:30:45.064 UTC [476] DETAIL:  Failing row contains (122, 7, confirmed, 2026-09-27 18:30:45.055683+00, 2026-09-27 18:30:46.055683+00, 2026-09-27 18:30:45.063847+00, {"order": {"date": "2030-01-01", "number": "TEST-ORDER-001", "ef..., aaaaaaaaaaaaaaaaaaaaaaaaaaaaaaaaaaaaaaaaaaaaaaaaaaaaaaaaaaaaaaaa, null, 489, 104, 1529, 1530, null).
2026-09-27T19:07:27.9313738Z  2026-09-27 18:30:45.064 UTC [476] STATEMENT:  INSERT INTO "shifts_watchperiodbrigadephaseversion" ("watch_period_id", "work_schedule_id", "version_number", "status", "based_on_version_id", "created_by_access_id", "confirmed_by_access_id", "superseded_by_access_id", "confirmed_at", "superseded_at", "created_at", "source_snapshot", "source_fingerprint") VALUES (489, 104, 7, 'confirmed', NULL, 1529, 1530, NULL, '2026-09-27 18:30:45.055683+00:00'::timestamptz, '2026-09-27 18:30:46.055683+00:00'::timestamptz, '2026-09-27 18:30:45.063847+00:00'::timestamptz, '{"source_kind": "official_schedule_order", "order": {"number": "TEST-ORDER-001", "date": "2030-01-01", "effective_from": "2030-01-01", "document_sha256": "bbbbbbbbbbbbbbbbbbbbbbbbbbbbbbbbbbbbbbbbbbbbbbbbbbbbbbbbbbbbbbbb"}, "schedule": {"designation": "TEST-SCHEDULE", "document_sha256": "cccccccccccccccccccccccccccccccccccccccccccccccccccccccccccccccc"}}'::jsonb, 'aaaaaaaaaaaaaaaaaaaaaaaaaaaaaaaaaaaaaaaaaaaaaaaaaaaaaaaaaaaaaaaa') RETURNING "shifts_watchperiodbrigadephaseversion"."id"
2026-09-27T19:07:27.9316688Z  2026-09-27 18:30:45.065 UTC [476] ERROR:  new row for relation "shifts_watchperiodbrigadephaseversion" violates check constraint "watch_phase_status_audit"
2026-09-27T19:07:27.9318030Z  2026-09-27 18:30:45.065 UTC [476] DETAIL:  Failing row contains (123, 8, superseded, null, 2026-09-27 18:30:46.055683+00, 2026-09-27 18:30:45.065175+00, {"order": {"date": "2030-01-01", "number": "TEST-ORDER-001", "ef..., aaaaaaaaaaaaaaaaaaaaaaaaaaaaaaaaaaaaaaaaaaaaaaaaaaaaaaaaaaaaaaaa, null, 489, 104, 1529, 1530, 1531).
2026-09-27T19:07:27.9323033Z  2026-09-27 18:30:45.065 UTC [476] STATEMENT:  INSERT INTO "shifts_watchperiodbrigadephaseversion" ("watch_period_id", "work_schedule_id", "version_number", "status", "based_on_version_id", "created_by_access_id", "confirmed_by_access_id", "superseded_by_access_id", "confirmed_at", "superseded_at", "created_at", "source_snapshot", "source_fingerprint") VALUES (489, 104, 8, 'superseded', NULL, 1529, 1530, 1531, NULL, '2026-09-27 18:30:46.055683+00:00'::timestamptz, '2026-09-27 18:30:45.065175+00:00'::timestamptz, '{"source_kind": "official_schedule_order", "order": {"number": "TEST-ORDER-001", "date": "2030-01-01", "effective_from": "2030-01-01", "document_sha256": "bbbbbbbbbbbbbbbbbbbbbbbbbbbbbbbbbbbbbbbbbbbbbbbbbbbbbbbbbbbbbbbb"}, "schedule": {"designation": "TEST-SCHEDULE", "document_sha256": "cccccccccccccccccccccccccccccccccccccccccccccccccccccccccccccccc"}}'::jsonb, 'aaaaaaaaaaaaaaaaaaaaaaaaaaaaaaaaaaaaaaaaaaaaaaaaaaaaaaaaaaaaaaaa') RETURNING "shifts_watchperiodbrigadephaseversion"."id"
2026-09-27T19:07:27.9326305Z  2026-09-27 18:30:45.066 UTC [476] ERROR:  new row for relation "shifts_watchperiodbrigadephaseversion" violates check constraint "watch_phase_status_audit"
2026-09-27T19:07:27.9327403Z  2026-09-27 18:30:45.066 UTC [476] DETAIL:  Failing row contains (124, 9, superseded, 2026-09-27 18:30:45.055683+00, null, 2026-09-27 18:30:45.066541+00, {"order": {"date": "2030-01-01", "number": "TEST-ORDER-001", "ef..., aaaaaaaaaaaaaaaaaaaaaaaaaaaaaaaaaaaaaaaaaaaaaaaaaaaaaaaaaaaaaaaa, null, 489, 104, 1529, 1530, 1531).
2026-09-27T19:07:27.9330649Z  2026-09-27 18:30:45.066 UTC [476] STATEMENT:  INSERT INTO "shifts_watchperiodbrigadephaseversion" ("watch_period_id", "work_schedule_id", "version_number", "status", "based_on_version_id", "created_by_access_id", "confirmed_by_access_id", "superseded_by_access_id", "confirmed_at", "superseded_at", "created_at", "source_snapshot", "source_fingerprint") VALUES (489, 104, 9, 'superseded', NULL, 1529, 1530, 1531, '2026-09-27 18:30:45.055683+00:00'::timestamptz, NULL, '2026-09-27 18:30:45.066541+00:00'::timestamptz, '{"source_kind": "official_schedule_order", "order": {"number": "TEST-ORDER-001", "date": "2030-01-01", "effective_from": "2030-01-01", "document_sha256": "bbbbbbbbbbbbbbbbbbbbbbbbbbbbbbbbbbbbbbbbbbbbbbbbbbbbbbbbbbbbbbbb"}, "schedule": {"designation": "TEST-SCHEDULE", "document_sha256": "cccccccccccccccccccccccccccccccccccccccccccccccccccccccccccccccc"}}'::jsonb, 'aaaaaaaaaaaaaaaaaaaaaaaaaaaaaaaaaaaaaaaaaaaaaaaaaaaaaaaaaaaaaaaa') RETURNING "shifts_watchperiodbrigadephaseversion"."id"
2026-09-27T19:07:27.9333573Z  2026-09-27 18:30:45.068 UTC [476] ERROR:  new row for relation "shifts_watchperiodbrigadephaseversion" violates check constraint "watch_phase_supersede_order"
2026-09-27T19:07:27.9334729Z  2026-09-27 18:30:45.068 UTC [476] DETAIL:  Failing row contains (125, 10, superseded, 2026-09-27 18:30:46.055683+00, 2026-09-27 18:30:45.055683+00, 2026-09-27 18:30:45.067865+00, {"order": {"date": "2030-01-01", "number": "TEST-ORDER-001", "ef..., aaaaaaaaaaaaaaaaaaaaaaaaaaaaaaaaaaaaaaaaaaaaaaaaaaaaaaaaaaaaaaaa, null, 489, 104, 1529, 1530, 1531).
2026-09-27T19:07:27.9337950Z  2026-09-27 18:30:45.068 UTC [476] STATEMENT:  INSERT INTO "shifts_watchperiodbrigadephaseversion" ("watch_period_id", "work_schedule_id", "version_number", "status", "based_on_version_id", "created_by_access_id", "confirmed_by_access_id", "superseded_by_access_id", "confirmed_at", "superseded_at", "created_at", "source_snapshot", "source_fingerprint") VALUES (489, 104, 10, 'superseded', NULL, 1529, 1530, 1531, '2026-09-27 18:30:46.055683+00:00'::timestamptz, '2026-09-27 18:30:45.055683+00:00'::timestamptz, '2026-09-27 18:30:45.067865+00:00'::timestamptz, '{"source_kind": "official_schedule_order", "order": {"number": "TEST-ORDER-001", "date": "2030-01-01", "effective_from": "2030-01-01", "document_sha256": "bbbbbbbbbbbbbbbbbbbbbbbbbbbbbbbbbbbbbbbbbbbbbbbbbbbbbbbbbbbbbbbb"}, "schedule": {"designation": "TEST-SCHEDULE", "document_sha256": "cccccccccccccccccccccccccccccccccccccccccccccccccccccccccccccccc"}}'::jsonb, 'aaaaaaaaaaaaaaaaaaaaaaaaaaaaaaaaaaaaaaaaaaaaaaaaaaaaaaaaaaaaaaaa') RETURNING "shifts_watchperiodbrigadephaseversion"."id"
2026-09-27T19:07:27.9341042Z  2026-09-27 18:30:45.069 UTC [476] ERROR:  new row for relation "shifts_watchperiodbrigadephaseversion" violates check constraint "watch_phase_status_audit"
2026-09-27T19:07:27.9342178Z  2026-09-27 18:30:45.069 UTC [476] DETAIL:  Failing row contains (126, 11, draft, null, null, 2026-09-27 18:30:45.069198+00, {"order": {"date": "2030-01-01", "number": "TEST-ORDER-001", "ef..., aaaaaaaaaaaaaaaaaaaaaaaaaaaaaaaaaaaaaaaaaaaaaaaaaaaaaaaaaaaaaaaa, null, 489, 104, 1529, 1530, null).
2026-09-27T19:07:27.9345128Z  2026-09-27 18:30:45.069 UTC [476] STATEMENT:  INSERT INTO "shifts_watchperiodbrigadephaseversion" ("watch_period_id", "work_schedule_id", "version_number", "status", "based_on_version_id", "created_by_access_id", "confirmed_by_access_id", "superseded_by_access_id", "confirmed_at", "superseded_at", "created_at", "source_snapshot", "source_fingerprint") VALUES (489, 104, 11, 'draft', NULL, 1529, 1530, NULL, NULL, NULL, '2026-09-27 18:30:45.069198+00:00'::timestamptz, '{"source_kind": "official_schedule_order", "order": {"number": "TEST-ORDER-001", "date": "2030-01-01", "effective_from": "2030-01-01", "document_sha256": "bbbbbbbbbbbbbbbbbbbbbbbbbbbbbbbbbbbbbbbbbbbbbbbbbbbbbbbbbbbbbbbb"}, "schedule": {"designation": "TEST-SCHEDULE", "document_sha256": "cccccccccccccccccccccccccccccccccccccccccccccccccccccccccccccccc"}}'::jsonb, 'aaaaaaaaaaaaaaaaaaaaaaaaaaaaaaaaaaaaaaaaaaaaaaaaaaaaaaaaaaaaaaaa') RETURNING "shifts_watchperiodbrigadephaseversion"."id"
2026-09-27T19:07:27.9347877Z  2026-09-27 18:30:45.070 UTC [476] ERROR:  new row for relation "shifts_watchperiodbrigadephaseversion" violates check constraint "watch_phase_status_audit"
2026-09-27T19:07:27.9348905Z  2026-09-27 18:30:45.070 UTC [476] DETAIL:  Failing row contains (127, 12, draft, null, null, 2026-09-27 18:30:45.070492+00, {"order": {"date": "2030-01-01", "number": "TEST-ORDER-001", "ef..., aaaaaaaaaaaaaaaaaaaaaaaaaaaaaaaaaaaaaaaaaaaaaaaaaaaaaaaaaaaaaaaa, null, 489, 104, 1529, null, 1531).
2026-09-27T19:07:27.9351899Z  2026-09-27 18:30:45.070 UTC [476] STATEMENT:  INSERT INTO "shifts_watchperiodbrigadephaseversion" ("watch_period_id", "work_schedule_id", "version_number", "status", "based_on_version_id", "created_by_access_id", "confirmed_by_access_id", "superseded_by_access_id", "confirmed_at", "superseded_at", "created_at", "source_snapshot", "source_fingerprint") VALUES (489, 104, 12, 'draft', NULL, 1529, NULL, 1531, NULL, NULL, '2026-09-27 18:30:45.070492+00:00'::timestamptz, '{"source_kind": "official_schedule_order", "order": {"number": "TEST-ORDER-001", "date": "2030-01-01", "effective_from": "2030-01-01", "document_sha256": "bbbbbbbbbbbbbbbbbbbbbbbbbbbbbbbbbbbbbbbbbbbbbbbbbbbbbbbbbbbbbbbb"}, "schedule": {"designation": "TEST-SCHEDULE", "document_sha256": "cccccccccccccccccccccccccccccccccccccccccccccccccccccccccccccccc"}}'::jsonb, 'aaaaaaaaaaaaaaaaaaaaaaaaaaaaaaaaaaaaaaaaaaaaaaaaaaaaaaaaaaaaaaaa') RETURNING "shifts_watchperiodbrigadephaseversion"."id"
2026-09-27T19:07:27.9354527Z  2026-09-27 18:30:45.072 UTC [476] ERROR:  new row for relation "shifts_watchperiodbrigadephaseversion" violates check constraint "watch_phase_status_audit"
2026-09-27T19:07:27.9355615Z  2026-09-27 18:30:45.072 UTC [476] DETAIL:  Failing row contains (128, 13, confirmed, 2026-09-27 18:30:45.055683+00, null, 2026-09-27 18:30:45.071769+00, {"order": {"date": "2030-01-01", "number": "TEST-ORDER-001", "ef..., aaaaaaaaaaaaaaaaaaaaaaaaaaaaaaaaaaaaaaaaaaaaaaaaaaaaaaaaaaaaaaaa, null, 489, 104, 1529, null, null).
2026-09-27T19:07:27.9358663Z  2026-09-27 18:30:45.072 UTC [476] STATEMENT:  INSERT INTO "shifts_watchperiodbrigadephaseversion" ("watch_period_id", "work_schedule_id", "version_number", "status", "based_on_version_id", "created_by_access_id", "confirmed_by_access_id", "superseded_by_access_id", "confirmed_at", "superseded_at", "created_at", "source_snapshot", "source_fingerprint") VALUES (489, 104, 13, 'confirmed', NULL, 1529, NULL, NULL, '2026-09-27 18:30:45.055683+00:00'::timestamptz, NULL, '2026-09-27 18:30:45.071769+00:00'::timestamptz, '{"source_kind": "official_schedule_order", "order": {"number": "TEST-ORDER-001", "date": "2030-01-01", "effective_from": "2030-01-01", "document_sha256": "bbbbbbbbbbbbbbbbbbbbbbbbbbbbbbbbbbbbbbbbbbbbbbbbbbbbbbbbbbbbbbbb"}, "schedule": {"designation": "TEST-SCHEDULE", "document_sha256": "cccccccccccccccccccccccccccccccccccccccccccccccccccccccccccccccc"}}'::jsonb, 'aaaaaaaaaaaaaaaaaaaaaaaaaaaaaaaaaaaaaaaaaaaaaaaaaaaaaaaaaaaaaaaa') RETURNING "shifts_watchperiodbrigadephaseversion"."id"
2026-09-27T19:07:27.9361633Z  2026-09-27 18:30:45.073 UTC [476] ERROR:  new row for relation "shifts_watchperiodbrigadephaseversion" violates check constraint "watch_phase_status_audit"
2026-09-27T19:07:27.9362716Z  2026-09-27 18:30:45.073 UTC [476] DETAIL:  Failing row contains (129, 14, confirmed, 2026-09-27 18:30:45.055683+00, null, 2026-09-27 18:30:45.073056+00, {"order": {"date": "2030-01-01", "number": "TEST-ORDER-001", "ef..., aaaaaaaaaaaaaaaaaaaaaaaaaaaaaaaaaaaaaaaaaaaaaaaaaaaaaaaaaaaaaaaa, null, 489, 104, 1529, 1530, 1531).
2026-09-27T19:07:27.9365869Z  2026-09-27 18:30:45.073 UTC [476] STATEMENT:  INSERT INTO "shifts_watchperiodbrigadephaseversion" ("watch_period_id", "work_schedule_id", "version_number", "status", "based_on_version_id", "created_by_access_id", "confirmed_by_access_id", "superseded_by_access_id", "confirmed_at", "superseded_at", "created_at", "source_snapshot", "source_fingerprint") VALUES (489, 104, 14, 'confirmed', NULL, 1529, 1530, 1531, '2026-09-27 18:30:45.055683+00:00'::timestamptz, NULL, '2026-09-27 18:30:45.073056+00:00'::timestamptz, '{"source_kind": "official_schedule_order", "order": {"number": "TEST-ORDER-001", "date": "2030-01-01", "effective_from": "2030-01-01", "document_sha256": "bbbbbbbbbbbbbbbbbbbbbbbbbbbbbbbbbbbbbbbbbbbbbbbbbbbbbbbbbbbbbbbb"}, "schedule": {"designation": "TEST-SCHEDULE", "document_sha256": "cccccccccccccccccccccccccccccccccccccccccccccccccccccccccccccccc"}}'::jsonb, 'aaaaaaaaaaaaaaaaaaaaaaaaaaaaaaaaaaaaaaaaaaaaaaaaaaaaaaaaaaaaaaaa') RETURNING "shifts_watchperiodbrigadephaseversion"."id"
2026-09-27T19:07:27.9368648Z  2026-09-27 18:30:45.074 UTC [476] ERROR:  new row for relation "shifts_watchperiodbrigadephaseversion" violates check constraint "watch_phase_status_audit"
2026-09-27T19:07:27.9369785Z  2026-09-27 18:30:45.074 UTC [476] DETAIL:  Failing row contains (130, 15, superseded, 2026-09-27 18:30:45.055683+00, 2026-09-27 18:30:46.055683+00, 2026-09-27 18:30:45.074344+00, {"order": {"date": "2030-01-01", "number": "TEST-ORDER-001", "ef..., aaaaaaaaaaaaaaaaaaaaaaaaaaaaaaaaaaaaaaaaaaaaaaaaaaaaaaaaaaaaaaaa, null, 489, 104, 1529, 1530, null).
2026-09-27T19:07:27.9373085Z  2026-09-27 18:30:45.074 UTC [476] STATEMENT:  INSERT INTO "shifts_watchperiodbrigadephaseversion" ("watch_period_id", "work_schedule_id", "version_number", "status", "based_on_version_id", "created_by_access_id", "confirmed_by_access_id", "superseded_by_access_id", "confirmed_at", "superseded_at", "created_at", "source_snapshot", "source_fingerprint") VALUES (489, 104, 15, 'superseded', NULL, 1529, 1530, NULL, '2026-09-27 18:30:45.055683+00:00'::timestamptz, '2026-09-27 18:30:46.055683+00:00'::timestamptz, '2026-09-27 18:30:45.074344+00:00'::timestamptz, '{"source_kind": "official_schedule_order", "order": {"number": "TEST-ORDER-001", "date": "2030-01-01", "effective_from": "2030-01-01", "document_sha256": "bbbbbbbbbbbbbbbbbbbbbbbbbbbbbbbbbbbbbbbbbbbbbbbbbbbbbbbbbbbbbbbb"}, "schedule": {"designation": "TEST-SCHEDULE", "document_sha256": "cccccccccccccccccccccccccccccccccccccccccccccccccccccccccccccccc"}}'::jsonb, 'aaaaaaaaaaaaaaaaaaaaaaaaaaaaaaaaaaaaaaaaaaaaaaaaaaaaaaaaaaaaaaaa') RETURNING "shifts_watchperiodbrigadephaseversion"."id"
2026-09-27T19:07:27.9376034Z  2026-09-27 18:30:45.075 UTC [476] ERROR:  new row for relation "shifts_watchperiodbrigadephaseversion" violates check constraint "watch_phase_status_audit"
2026-09-27T19:07:27.9377284Z  2026-09-27 18:30:45.075 UTC [476] DETAIL:  Failing row contains (131, 16, superseded, 2026-09-27 18:30:45.055683+00, 2026-09-27 18:30:46.055683+00, 2026-09-27 18:30:45.075609+00, {"order": {"date": "2030-01-01", "number": "TEST-ORDER-001", "ef..., aaaaaaaaaaaaaaaaaaaaaaaaaaaaaaaaaaaaaaaaaaaaaaaaaaaaaaaaaaaaaaaa, null, 489, 104, 1529, null, 1531).
2026-09-27T19:07:27.9380521Z  2026-09-27 18:30:45.075 UTC [476] STATEMENT:  INSERT INTO "shifts_watchperiodbrigadephaseversion" ("watch_period_id", "work_schedule_id", "version_number", "status", "based_on_version_id", "created_by_access_id", "confirmed_by_access_id", "superseded_by_access_id", "confirmed_at", "superseded_at", "created_at", "source_snapshot", "source_fingerprint") VALUES (489, 104, 16, 'superseded', NULL, 1529, NULL, 1531, '2026-09-27 18:30:45.055683+00:00'::timestamptz, '2026-09-27 18:30:46.055683+00:00'::timestamptz, '2026-09-27 18:30:45.075609+00:00'::timestamptz, '{"source_kind": "official_schedule_order", "order": {"number": "TEST-ORDER-001", "date": "2030-01-01", "effective_from": "2030-01-01", "document_sha256": "bbbbbbbbbbbbbbbbbbbbbbbbbbbbbbbbbbbbbbbbbbbbbbbbbbbbbbbbbbbbbbbb"}, "schedule": {"designation": "TEST-SCHEDULE", "document_sha256": "cccccccccccccccccccccccccccccccccccccccccccccccccccccccccccccccc"}}'::jsonb, 'aaaaaaaaaaaaaaaaaaaaaaaaaaaaaaaaaaaaaaaaaaaaaaaaaaaaaaaaaaaaaaaa') RETURNING "shifts_watchperiodbrigadephaseversion"."id"
2026-09-27T19:07:27.9383504Z  2026-09-27 18:30:45.119 UTC [476] ERROR:  duplicate key value violates unique constraint "uniq_watch_phase_revision"
2026-09-27T19:07:27.9384153Z  2026-09-27 18:30:45.119 UTC [476] DETAIL:  Key (watch_period_id, work_schedule_id, version_number)=(490, 105, 1) already exists.
2026-09-27T19:07:27.9386730Z  2026-09-27 18:30:45.119 UTC [476] STATEMENT:  INSERT INTO "shifts_watchperiodbrigadephaseversion" ("watch_period_id", "work_schedule_id", "version_number", "status", "based_on_version_id", "created_by_access_id", "confirmed_by_access_id", "superseded_by_access_id", "confirmed_at", "superseded_at", "created_at", "source_snapshot", "source_fingerprint") VALUES (490, 105, 1, 'draft', NULL, 1532, NULL, NULL, NULL, NULL, '2026-09-27 18:30:45.119318+00:00'::timestamptz, '{"source_kind": "official_schedule_order", "order": {"number": "TEST-ORDER-001", "date": "2030-01-01", "effective_from": "2030-01-01", "document_sha256": "bbbbbbbbbbbbbbbbbbbbbbbbbbbbbbbbbbbbbbbbbbbbbbbbbbbbbbbbbbbbbbbb"}, "schedule": {"designation": "TEST-SCHEDULE", "document_sha256": "cccccccccccccccccccccccccccccccccccccccccccccccccccccccccccccccc"}}'::jsonb, 'aaaaaaaaaaaaaaaaaaaaaaaaaaaaaaaaaaaaaaaaaaaaaaaaaaaaaaaaaaaaaaaa') RETURNING "shifts_watchperiodbrigadephaseversion"."id"
2026-09-27T19:07:27.9389293Z  2026-09-27 18:30:45.122 UTC [476] ERROR:  duplicate key value violates unique constraint "uniq_watch_phase_confirmed"
2026-09-27T19:07:27.9389797Z  2026-09-27 18:30:45.122 UTC [476] DETAIL:  Key (watch_period_id, work_schedule_id)=(490, 105) already exists.
2026-09-27T19:07:27.9392476Z  2026-09-27 18:30:45.122 UTC [476] STATEMENT:  INSERT INTO "shifts_watchperiodbrigadephaseversion" ("watch_period_id", "work_schedule_id", "version_number", "status", "based_on_version_id", "created_by_access_id", "confirmed_by_access_id", "superseded_by_access_id", "confirmed_at", "superseded_at", "created_at", "source_snapshot", "source_fingerprint") VALUES (490, 105, 3, 'confirmed', NULL, 1532, 1533, NULL, '2026-09-27 18:30:45.117108+00:00'::timestamptz, NULL, '2026-09-27 18:30:45.122473+00:00'::timestamptz, '{"source_kind": "official_schedule_order", "order": {"number": "TEST-ORDER-001", "date": "2030-01-01", "effective_from": "2030-01-01", "document_sha256": "bbbbbbbbbbbbbbbbbbbbbbbbbbbbbbbbbbbbbbbbbbbbbbbbbbbbbbbbbbbbbbbb"}, "schedule": {"designation": "TEST-SCHEDULE", "document_sha256": "cccccccccccccccccccccccccccccccccccccccccccccccccccccccccccccccc"}}'::jsonb, 'aaaaaaaaaaaaaaaaaaaaaaaaaaaaaaaaaaaaaaaaaaaaaaaaaaaaaaaaaaaaaaaa') RETURNING "shifts_watchperiodbrigadephaseversion"."id"
2026-09-27T19:07:27.9395398Z  2026-09-27 18:30:45.164 UTC [476] ERROR:  new row for relation "shifts_watchperiodbrigadephaseversion" violates check constraint "watch_phase_version_gte_1"
2026-09-27T19:07:27.9396428Z  2026-09-27 18:30:45.164 UTC [476] DETAIL:  Failing row contains (137, 0, draft, null, null, 2026-09-27 18:30:45.164273+00, {"order": {"date": "2030-01-01", "number": "TEST-ORDER-001", "ef..., aaaaaaaaaaaaaaaaaaaaaaaaaaaaaaaaaaaaaaaaaaaaaaaaaaaaaaaaaaaaaaaa, null, 491, 106, 1535, null, null).
2026-09-27T19:07:27.9399379Z  2026-09-27 18:30:45.164 UTC [476] STATEMENT:  INSERT INTO "shifts_watchperiodbrigadephaseversion" ("watch_period_id", "work_schedule_id", "version_number", "status", "based_on_version_id", "created_by_access_id", "confirmed_by_access_id", "superseded_by_access_id", "confirmed_at", "superseded_at", "created_at", "source_snapshot", "source_fingerprint") VALUES (491, 106, 0, 'draft', NULL, 1535, NULL, NULL, NULL, NULL, '2026-09-27 18:30:45.164273+00:00'::timestamptz, '{"source_kind": "official_schedule_order", "order": {"number": "TEST-ORDER-001", "date": "2030-01-01", "effective_from": "2030-01-01", "document_sha256": "bbbbbbbbbbbbbbbbbbbbbbbbbbbbbbbbbbbbbbbbbbbbbbbbbbbbbbbbbbbbbbbb"}, "schedule": {"designation": "TEST-SCHEDULE", "document_sha256": "cccccccccccccccccccccccccccccccccccccccccccccccccccccccccccccccc"}}'::jsonb, 'aaaaaaaaaaaaaaaaaaaaaaaaaaaaaaaaaaaaaaaaaaaaaaaaaaaaaaaaaaaaaaaa') RETURNING "shifts_watchperiodbrigadephaseversion"."id"
2026-09-27T19:07:27.9402144Z  2026-09-27 18:30:45.166 UTC [476] ERROR:  new row for relation "shifts_watchperiodbrigadephaseversion" violates check constraint "watch_phase_status_audit"
2026-09-27T19:07:27.9403265Z  2026-09-27 18:30:45.166 UTC [476] DETAIL:  Failing row contains (138, 1, unknown, null, null, 2026-09-27 18:30:45.165683+00, {"order": {"date": "2030-01-01", "number": "TEST-ORDER-001", "ef..., aaaaaaaaaaaaaaaaaaaaaaaaaaaaaaaaaaaaaaaaaaaaaaaaaaaaaaaaaaaaaaaa, null, 491, 106, 1535, null, null).
2026-09-27T19:07:27.9406207Z  2026-09-27 18:30:45.166 UTC [476] STATEMENT:  INSERT INTO "shifts_watchperiodbrigadephaseversion" ("watch_period_id", "work_schedule_id", "version_number", "status", "based_on_version_id", "created_by_access_id", "confirmed_by_access_id", "superseded_by_access_id", "confirmed_at", "superseded_at", "created_at", "source_snapshot", "source_fingerprint") VALUES (491, 106, 1, 'unknown', NULL, 1535, NULL, NULL, NULL, NULL, '2026-09-27 18:30:45.165683+00:00'::timestamptz, '{"source_kind": "official_schedule_order", "order": {"number": "TEST-ORDER-001", "date": "2030-01-01", "effective_from": "2030-01-01", "document_sha256": "bbbbbbbbbbbbbbbbbbbbbbbbbbbbbbbbbbbbbbbbbbbbbbbbbbbbbbbbbbbbbbbb"}, "schedule": {"designation": "TEST-SCHEDULE", "document_sha256": "cccccccccccccccccccccccccccccccccccccccccccccccccccccccccccccccc"}}'::jsonb, 'aaaaaaaaaaaaaaaaaaaaaaaaaaaaaaaaaaaaaaaaaaaaaaaaaaaaaaaaaaaaaaaa') RETURNING "shifts_watchperiodbrigadephaseversion"."id"
2026-09-27T19:07:27.9408837Z  2026-09-27 18:30:45.168 UTC [476] ERROR:  new row for relation "shifts_watchperiodbrigadephaseversion" violates check constraint "watch_phase_not_self_based"
2026-09-27T19:07:27.9409853Z  2026-09-27 18:30:45.168 UTC [476] DETAIL:  Failing row contains (139, 1, draft, null, null, 2026-09-27 18:30:45.166833+00, {"order": {"date": "2030-01-01", "number": "TEST-ORDER-001", "ef..., aaaaaaaaaaaaaaaaaaaaaaaaaaaaaaaaaaaaaaaaaaaaaaaaaaaaaaaaaaaaaaaa, 139, 491, 106, 1535, null, null).
2026-09-27T19:07:27.9410923Z  2026-09-27 18:30:45.168 UTC [476] STATEMENT:  UPDATE "shifts_watchperiodbrigadephaseversion" SET "based_on_version_id" = 139 WHERE "shifts_watchperiodbrigadephaseversion"."id" = 139
2026-09-27T19:07:27.9411710Z  2026-09-27 18:30:57.550 UTC [502] ERROR:  duplicate key value violates unique constraint "unique_open_shift_per_equipment"
2026-09-27T19:07:27.9412182Z  2026-09-27 18:30:57.550 UTC [502] DETAIL:  Key (equipment_id)=(1665) already exists.
2026-09-27T19:07:27.9413905Z  2026-09-27 18:30:57.550 UTC [502] STATEMENT:  INSERT INTO "shifts_employeeshift" ("employee_id", "shift_type", "workplace_code", "watch_period_id", "equipment_id", "start_fuel", "start_mileage", "start_engine_hours", "end_fuel", "end_mileage", "end_engine_hours", "opened_at", "closed_at", "opened_by_id", "closed_by_id", "is_service_closed", "service_close_kind", "service_close_note", "plan_group_id", "plan_group_name", "plan_calculation_mode", "plan_value", "plan_assigned_at", "plan_status") VALUES (2364, 'night', '', NULL, 1665, NULL, NULL, NULL, NULL, NULL, NULL, '2026-09-27 18:30:57.550026+00:00'::timestamptz, NULL, NULL, NULL, false, '', '', NULL, '', '', NULL, NULL, '') RETURNING "shifts_employeeshift"."id"
2026-09-27T19:07:27.9415865Z  2026-09-27 18:31:51.891 UTC [585] ERROR:  duplicate key value violates unique constraint "uniq_open_trip_per_truck"
2026-09-27T19:07:27.9416310Z  2026-09-27 18:31:51.891 UTC [585] DETAIL:  Key (truck_id)=(2299) already exists.
2026-09-27T19:07:27.9418662Z  2026-09-27 18:31:51.891 UTC [585] STATEMENT:  INSERT INTO "trips_trip" ("excavator_id", "truck_id", "excavator_operator_id", "driver_id", "loading_shift_id", "unloading_shift_id", "rock_type_id", "dump_point_id", "assigned_dump_point_id", "actual_dump_point_id", "planned_volume_m3", "volume_m3", "tonnage", "loading_horizon", "loading_block", "transport_distance_km", "downtime_text", "note", "status", "created_at", "loaded_at", "load_received_at", "load_time_source", "completed_at", "cancelled_at", "is_carryover", "driver_participation_recorded", "driver_control_shift_id", "operationally_closed_at", "closure_recorded_by_id", "superseded_by_id", "unload_received_at", "unload_time_source") VALUES (2302, 2299, NULL, NULL, NULL, NULL, 457, 499, 499, NULL, NULL, NULL, NULL, '', '', NULL, '', '', 'active', '2026-09-27 18:31:51.890853+00:00'::timestamptz, NULL, NULL, 'unknown', NULL, NULL, false, false, NULL, NULL, NULL, NULL, NULL, 'unknown') RETURNING "trips_trip"."id"
2026-09-27T19:07:27.9421082Z  2026-09-27 18:32:41.851 UTC [641] ERROR:  new row for relation "users_employee" violates check constraint "employee_contractor_fields_match_type"
2026-09-27T19:07:27.9422096Z  2026-09-27 18:32:41.851 UTC [641] DETAIL:  Failing row contains (3275, Подрядчиков Без Реквизитов, , , t, 2026-09-27 18:32:41.851184+00, 2026-09-27 18:32:41.851194+00, , null, null, , , , , not_activated, , null, , other, null, null, null, null, null, null, unknown, f, null, null, contractor, null).
2026-09-27T19:07:27.9424713Z  2026-09-27 18:32:41.851 UTC [641] STATEMENT:  INSERT INTO "users_employee" ("full_name", "employment_type", "contractor_organization_id", "contractor_access_from", "contractor_access_until", "birth_date", "sex", "personnel_position_id", "base_specialization_id", "position", "department", "personnel_department_id", "work_category", "personnel_number", "phone", "status", "comment", "hired_at", "dismissed_at", "rotation", "work_schedule_id", "brigade_number", "watch_composition_id", "residence_text", "hr_data", "photo", "is_active", "is_protected", "created_at", "updated_at") VALUES ('Подрядчиков Без Реквизитов', 'contractor', NULL, NULL, NULL, NULL, 'unknown', NULL, NULL, '', '', NULL, 'other', '', '', 'not_activated', '', NULL, NULL, '', NULL, NULL, NULL, '', '', '', true, false, '2026-09-27 18:32:41.851184+00:00'::timestamptz, '2026-09-27 18:32:41.851194+00:00'::timestamptz) RETURNING "users_employee"."id", "users_employee"."is_protected"
2026-09-27T19:07:27.9426987Z  2026-09-27 18:32:45.650 UTC [647] ERROR:  new row for relation "users_employee" violates check constraint "employee_sex_valid"
2026-09-27T19:07:27.9427849Z  2026-09-27 18:32:45.650 UTC [647] DETAIL:  Failing row contains (3304, Сотрудник DB Constraint, , , t, 2026-09-27 18:32:45.64985+00, 2026-09-27 18:32:45.649871+00, , null, null, , , , , not_activated, , null, , other, null, null, null, null, null, null, other, f, null, null, staff, null).
2026-09-27T19:07:27.9430399Z  2026-09-27 18:32:45.650 UTC [647] STATEMENT:  INSERT INTO "users_employee" ("full_name", "employment_type", "contractor_organization_id", "contractor_access_from", "contractor_access_until", "birth_date", "sex", "personnel_position_id", "base_specialization_id", "position", "department", "personnel_department_id", "work_category", "personnel_number", "phone", "status", "comment", "hired_at", "dismissed_at", "rotation", "work_schedule_id", "brigade_number", "watch_composition_id", "residence_text", "hr_data", "photo", "is_active", "is_protected", "created_at", "updated_at") VALUES ('Сотрудник DB Constraint', 'staff', NULL, NULL, NULL, NULL, 'other', NULL, NULL, '', '', NULL, 'other', '', '', 'not_activated', '', NULL, NULL, '', NULL, NULL, NULL, '', '', '', true, false, '2026-09-27 18:32:45.649850+00:00'::timestamptz, '2026-09-27 18:32:45.649871+00:00'::timestamptz) RETURNING "users_employee"."id", "users_employee"."is_protected"
2026-09-27T19:07:27.9432811Z  2026-09-27 18:33:01.081 UTC [669] ERROR:  duplicate key value violates unique constraint "unique_open_oup_period"
2026-09-27T19:07:27.9433258Z  2026-09-27 18:33:01.081 UTC [669] DETAIL:  Key (workplace_code)=(oup) already exists.
2026-09-27T19:07:27.9434980Z  2026-09-27 18:33:01.081 UTC [669] STATEMENT:  INSERT INTO "shifts_employeeshift" ("employee_id", "shift_type", "workplace_code", "watch_period_id", "equipment_id", "start_fuel", "start_mileage", "start_engine_hours", "end_fuel", "end_mileage", "end_engine_hours", "opened_at", "closed_at", "opened_by_id", "closed_by_id", "is_service_closed", "service_close_kind", "service_close_note", "plan_group_id", "plan_group_name", "plan_calculation_mode", "plan_value", "plan_assigned_at", "plan_status") VALUES (3614, 'day', 'oup', NULL, NULL, NULL, NULL, NULL, NULL, NULL, NULL, '2026-09-27 18:33:01.080331+00:00'::timestamptz, NULL, 3614, NULL, false, '', '', NULL, '', '', NULL, NULL, '') RETURNING "shifts_employeeshift"."id"
2026-09-27T19:07:27.9437274Z  2026-09-27 18:34:14.186 UTC [62] LOG:  checkpoint complete: wrote 3448 buffers (21.0%); 0 WAL file(s) added, 0 removed, 3 recycled; write=269.394 s, sync=0.128 s, total=269.534 s; sync files=1740, longest=0.117 s, average=0.001 s; distance=41798 kB, estimate=41798 kB; lsn=0/61E0490, redo lsn=0/41F0B20
2026-09-27T19:07:27.9438064Z  2026-09-27 18:34:44.218 UTC [62] LOG:  checkpoint starting: time
2026-09-27T19:07:27.9438502Z  2026-09-27 18:35:06.138 UTC [805] ERROR:  duplicate key value violates unique constraint "uniq_open_accepted_haul_truck"
2026-09-27T19:07:27.9438952Z  2026-09-27 18:35:06.138 UTC [805] DETAIL:  Key (truck_id)=(3200) already exists.
2026-09-27T19:07:27.9439930Z  2026-09-27 18:35:06.138 UTC [805] STATEMENT:  INSERT INTO "assignments_haulassignment" ("excavator_id", "truck_id", "assigned_by_id", "action", "status", "assigned_at", "effective_at", "accepted_at", "ended_at") VALUES (3201, 3200, NULL, 'assign', 'accepted', '2026-09-27 18:35:06.138267+00:00'::timestamptz, NULL, NULL, NULL) RETURNING "assignments_haulassignment"."id"
2026-09-27T19:07:27.9440986Z  2026-09-27 18:35:06.142 UTC [805] ERROR:  duplicate key value violates unique constraint "uniq_open_pending_haul_truck"
2026-09-27T19:07:27.9441513Z  2026-09-27 18:35:06.142 UTC [805] DETAIL:  Key (truck_id)=(3200) already exists.
2026-09-27T19:07:27.9442462Z  2026-09-27 18:35:06.142 UTC [805] STATEMENT:  INSERT INTO "assignments_haulassignment" ("excavator_id", "truck_id", "assigned_by_id", "action", "status", "assigned_at", "effective_at", "accepted_at", "ended_at") VALUES (3201, 3200, NULL, 'assign', 'pending', '2026-09-27 18:35:06.142367+00:00'::timestamptz, NULL, NULL, NULL) RETURNING "assignments_haulassignment"."id"
2026-09-27T19:07:27.9443639Z  2026-09-27 18:35:47.708 UTC [884] ERROR:  new row for relation "reports_driverratingperiodmaterializedsnapshot" violates check constraint "drv_rating_group_key_shape"
2026-09-27T19:07:27.9446073Z  2026-09-27 18:35:47.708 UTC [884] DETAIL:  Failing row contains (1, rating-assignment-group-tests, day, DRIVER_WATCH_V3_NO_DISTANCE_TIME_POLICY_NEUTRAL, 1, c3a279c8ed14a5f4ac70ebec27a2edcbd707abdc510750c133da75fbee9b52bc, 51d86ec53e34045057dffc554e02880f6c81255eaa20664ae96a53f8a8452a73, E3B0C44298FC1C149AFBF4C8996FB92427AE41E4649B934CA495991B7852B855, 7b0cc0ea0867bfd9eec707234f77ffd9f953f1fd6ff16dd0584e35ef1bafa46e, 50e20bf1394e980526ae4aa060e4d67e2c026ea40222066c7679e569469c520d, {"status": "У назначенных водителей пок..., [19], {}, 1, 2026-09-27 18:35:47.704981+00, 2026-09-27 18:35:47.704981+00, 2026-09-27 18:35:47.704981+00, null, ready, , 0, , 2026-09-27 18:35:47.705608+00, 2026-09-27 18:35:47.705615+00, 1, 1, [{"shift_type": "day", "employee_id": 19, "equipment_id": 19, "b..., 1, 1, 6a4d8669ca45859f5194259dfa1f7134c1e40aaba83549b42e58253ee18b044c).
2026-09-27T19:07:27.9448630Z  2026-09-27 18:35:47.708 UTC [884] STATEMENT:  UPDATE "reports_driverratingperiodmaterializedsnapshot" SET "watch_composition_id" = 1 WHERE "reports_driverratingperiodmaterializedsnapshot"."id" = 1
2026-09-27T19:07:27.9449744Z  2026-09-27 18:36:28.280 UTC [62] LOG:  checkpoint complete: wrote 372 buffers (2.3%); 0 WAL file(s) added, 0 removed, 2 recycled; write=103.679 s, sync=0.363 s, total=104.063 s; sync files=50296, longest=0.067 s, average=0.001 s; distance=35092 kB, estimate=41127 kB; lsn=0/9926AF8, redo lsn=0/6435EE0
2026-09-27T19:07:27.9450613Z  2026-09-27 18:37:14.971 UTC [1033] LOG:  skipping analyze of "users_employee" --- lock not available
2026-09-27T19:07:27.9451070Z  2026-09-27 18:37:14.971 UTC [1033] LOG:  skipping analyze of "users_employeeaccess" --- lock not available
2026-09-27T19:07:27.9451636Z  2026-09-27 18:37:14.971 UTC [1033] LOG:  skipping analyze of "core_operationalstateevent" --- lock not available
2026-09-27T19:07:27.9452115Z  2026-09-27 18:37:14.971 UTC [1033] LOG:  skipping analyze of "references_rocktype" --- lock not available
2026-09-27T19:07:27.9452582Z  2026-09-27 18:37:14.971 UTC [1033] LOG:  skipping analyze of "references_dumppoint" --- lock not available
2026-09-27T19:07:27.9453188Z  2026-09-27 18:37:14.971 UTC [1033] LOG:  skipping analyze of "reports_drivershiftpassportsnapshot" --- lock not available
2026-09-27T19:07:27.9453709Z  2026-09-27 18:37:14.971 UTC [1033] LOG:  skipping analyze of "shifts_employeeshift" --- lock not available
2026-09-27T19:07:27.9454176Z  2026-09-27 18:37:14.971 UTC [1033] LOG:  skipping analyze of "users_workschedule" --- lock not available
2026-09-27T19:07:27.9454632Z  2026-09-27 18:37:14.971 UTC [1033] LOG:  skipping analyze of "references_equipment" --- lock not available
2026-09-27T19:07:27.9455079Z  2026-09-27 18:37:14.971 UTC [1033] LOG:  skipping analyze of "django_session" --- lock not available
2026-09-27T19:07:27.9455546Z  2026-09-27 18:37:14.971 UTC [1033] LOG:  skipping analyze of "references_equipmentmodel" --- lock not available
2026-09-27T19:07:27.9456005Z  2026-09-27 18:37:14.971 UTC [1033] LOG:  skipping analyze of "auth_permission" --- lock not available
2026-09-27T19:07:27.9456456Z  2026-09-27 18:37:14.971 UTC [1033] LOG:  skipping analyze of "django_content_type" --- lock not available
2026-09-27T19:07:27.9456989Z  2026-09-27 18:37:14.971 UTC [1033] LOG:  skipping analyze of "reports_driverratingperiodmaterializedsnapshot" --- lock not available
2026-09-27T19:07:27.9457555Z  2026-09-27 18:37:14.971 UTC [1033] LOG:  skipping analyze of "core_operationalstateversion" --- lock not available
2026-09-27T19:07:27.9458042Z  2026-09-27 18:37:14.971 UTC [1033] LOG:  skipping analyze of "reports_ratingperiod" --- lock not available
2026-09-27T19:07:27.9458521Z  2026-09-27 18:37:14.971 UTC [1033] LOG:  skipping analyze of "references_equipmenttype" --- lock not available
2026-09-27T19:07:27.9458968Z  2026-09-27 18:37:14.971 UTC [1033] LOG:  skipping analyze of "users_role" --- lock not available
2026-09-27T19:07:27.9459408Z  2026-09-27 18:37:14.971 UTC [1033] LOG:  skipping analyze of "shifts_watchperiod" --- lock not available
2026-09-27T19:07:27.9459870Z  2026-09-27 18:37:14.971 UTC [1033] LOG:  skipping analyze of "users_watchcomposition" --- lock not available
2026-09-27T19:07:27.9460337Z  2026-09-27 18:38:14.970 UTC [1108] LOG:  skipping analyze of "users_watchcomposition" --- lock not available
2026-09-27T19:07:27.9460789Z  2026-09-27 18:38:14.975 UTC [1108] LOG:  skipping analyze of "users_workschedule" --- lock not available
2026-09-27T19:07:27.9461501Z  2026-09-27 18:38:41.540 UTC [1128] ERROR:  duplicate key value violates unique constraint "uniq_arrival_period_file_profile"
2026-09-27T19:07:27.9462070Z  2026-09-27 18:38:41.540 UTC [1128] DETAIL:  Key (watch_period_id, source_file_id, parser_profile_id)=(1, 1, 1) already exists.
2026-09-27T19:07:27.9464229Z  2026-09-27 18:38:41.540 UTC [1128] STATEMENT:  INSERT INTO "rotations_arrivalrosterversion" ("version_number", "status", "source_row_count", "normalized_row_count", "blocking_issue_count", "warning_count", "snapshot", "snapshot_sha256", "created_at", "updated_at", "parser_profile_id", "source_file_id", "watch_period_id", "source_kind", "created_by_access_id", "source_fingerprint", "based_on_version_id", "confirmation_sha256", "confirmation_snapshot", "confirmed_at", "confirmed_by_access_id", "superseded_at") VALUES (2, 'draft', 0, 0, 0, 0, '{}'::jsonb, '', '2026-09-27 18:38:41.539820+00:00'::timestamptz, '2026-09-27 18:38:41.539835+00:00'::timestamptz, 1, 1, 1, 'excel', 1, 'cccccccccccccccccccccccccccccccccccccccccccccccccccccccccccccccc', NULL, '', '{}'::jsonb, NULL, NULL, NULL) RETURNING "rotations_arrivalrosterversion"."id"
2026-09-27T19:07:27.9466249Z  2026-09-27 18:39:44.690 UTC [62] LOG:  checkpoint starting: time
2026-09-27T19:07:27.9466723Z  2026-09-27 18:40:28.907 UTC [1260] ERROR:  duplicate key value violates unique constraint "settlement_settlementcontrollease_scope_key"
2026-09-27T19:07:27.9467230Z  2026-09-27 18:40:28.907 UTC [1260] DETAIL:  Key (scope)=(settlement) already exists.
2026-09-27T19:07:27.9468518Z  2026-09-27 18:40:28.907 UTC [1260] STATEMENT:  INSERT INTO "settlement_settlementcontrollease" ("scope", "owner_access_id", "owner_session_hash", "lease_token", "fencing_revision", "acquired_at", "heartbeat_at", "expires_at", "created_at", "updated_at") VALUES ('settlement', NULL, '', NULL, 0, NULL, NULL, NULL, '2026-09-27 18:40:28.899430+00:00'::timestamptz, '2026-09-27 18:40:28.899445+00:00'::timestamptz) RETURNING "settlement_settlementcontrollease"."id"
2026-09-27T19:07:27.9470194Z  2026-09-27 18:43:10.695 UTC [62] LOG:  checkpoint complete: wrote 1922 buffers (11.7%); 0 WAL file(s) added, 0 removed, 7 recycled; write=203.402 s, sync=0.799 s, total=206.005 s; sync files=82717, longest=0.232 s, average=0.001 s; distance=123267 kB, estimate=123267 kB; lsn=0/F337ED8, redo lsn=0/DC96D28
2026-09-27T19:07:27.9470980Z  2026-09-27 18:44:44.235 UTC [62] LOG:  checkpoint starting: time
2026-09-27T19:07:27.9471824Z  2026-09-27 18:46:12.033 UTC [62] LOG:  checkpoint complete: wrote 828 buffers (5.1%); 0 WAL file(s) added, 0 removed, 2 recycled; write=87.421 s, sync=0.076 s, total=87.799 s; sync files=4261, longest=0.048 s, average=0.001 s; distance=29492 kB, estimate=113890 kB; lsn=0/FF386C0, redo lsn=0/F963E58
2026-09-27T19:07:27.9472610Z  2026-09-27 18:49:44.536 UTC [62] LOG:  checkpoint starting: time
2026-09-27T19:07:27.9473375Z  2026-09-27 18:51:02.626 UTC [62] LOG:  checkpoint complete: wrote 747 buffers (4.6%); 0 WAL file(s) added, 0 removed, 1 recycled; write=77.853 s, sync=0.057 s, total=78.091 s; sync files=8152, longest=0.003 s, average=0.001 s; distance=19129 kB, estimate=104413 kB; lsn=0/11291070, redo lsn=0/10C12338
2026-09-27T19:07:27.9474136Z  2026-09-27 18:54:44.321 UTC [62] LOG:  checkpoint starting: time
2026-09-27T19:07:27.9474904Z  2026-09-27 18:55:57.353 UTC [62] LOG:  checkpoint complete: wrote 674 buffers (4.1%); 0 WAL file(s) added, 0 removed, 1 recycled; write=72.690 s, sync=0.167 s, total=73.033 s; sync files=6995, longest=0.098 s, average=0.001 s; distance=19734 kB, estimate=95946 kB; lsn=0/124AB8E0, redo lsn=0/11F57EB8
2026-09-27T19:07:27.9475669Z  2026-09-27 18:59:44.466 UTC [62] LOG:  checkpoint starting: time
2026-09-27T19:07:27.9476421Z  2026-09-27 19:00:57.694 UTC [62] LOG:  checkpoint complete: wrote 692 buffers (4.2%); 0 WAL file(s) added, 0 removed, 2 recycled; write=72.806 s, sync=0.174 s, total=73.229 s; sync files=20174, longest=0.063 s, average=0.001 s; distance=17733 kB, estimate=88124 kB; lsn=0/142BE6B0, redo lsn=0/130A95D8
2026-09-27T19:07:27.9477355Z  2026-09-27 19:02:32.796 UTC [2447] ERROR:  could not obtain lock on relation "shifts_watchperiod"
2026-09-27T19:07:27.9477861Z  2026-09-27 19:02:32.796 UTC [2447] STATEMENT:  LOCK TABLE "users_watchcomposition", "shifts_watchperiod" IN SHARE MODE NOWAIT
2026-09-27T19:07:27.9478304Z  2026-09-27 19:04:44.707 UTC [62] LOG:  checkpoint starting: time
2026-09-27T19:07:27.9479067Z  2026-09-27 19:06:39.611 UTC [62] LOG:  checkpoint complete: wrote 1056 buffers (6.4%); 0 WAL file(s) added, 0 removed, 3 recycled; write=114.202 s, sync=0.165 s, total=114.904 s; sync files=27607, longest=0.003 s, average=0.001 s; distance=48585 kB, estimate=84170 kB; lsn=0/167B9E78, redo lsn=0/1601BD60
2026-09-27T19:07:27.9479912Z  2026-09-27 19:07:10.616 UTC [62] LOG:  checkpoint starting: immediate force wait
2026-09-27T19:07:27.9480689Z  2026-09-27 19:07:10.619 UTC [62] LOG:  checkpoint complete: wrote 3 buffers (0.0%); 0 WAL file(s) added, 0 removed, 0 recycled; write=0.001 s, sync=0.001 s, total=0.003 s; sync files=2, longest=0.001 s, average=0.001 s; distance=11993 kB, estimate=76953 kB; lsn=0/16BD24D0, redo lsn=0/16BD2498
2026-09-27T19:07:27.9486802Z Stop and remove container: 9395a82a7fe24ebdac05224cf11e404d_postgres16_b9332b
2026-09-27T19:07:27.9490844Z ##[command]/usr/bin/docker rm --force 2fae9cbb707bdaff44a8030fec693c2317675c07c6807cbdeb835ccea10efb78
2026-09-27T19:07:28.1123732Z 2fae9cbb707bdaff44a8030fec693c2317675c07c6807cbdeb835ccea10efb78
2026-09-27T19:07:28.1148644Z Remove container network: github_network_94e3db57c00b4a4e8df66e579438306b
2026-09-27T19:07:28.1152622Z ##[command]/usr/bin/docker network rm github_network_94e3db57c00b4a4e8df66e579438306b
2026-09-27T19:07:28.2092725Z github_network_94e3db57c00b4a4e8df66e579438306b
2026-09-27T19:07:28.2157704Z Cleaning up orphan processes
